Symbol,Series,Date,Prev Close,Open Price,High Price,Low Price,Last Price,Close Price,Average Price,Total Traded Quantity,Turnover,No. of Trades,Deliverable Qty,% Dly Qt to Traded Qty,Day_Perc_Change,Trend
HEROMOTOCO,EQ,2017-05-16,3515.45,3529.5,3631.8,3491.1,3623.0,3619.4,3561.42,372398,1326265605.95,33654,147610,39.64,2.9569471902601396,Positive
HEROMOTOCO,EQ,2017-05-17,3619.4,3615.0,3683.95,3595.05,3634.1,3645.95,3651.06,338342,1235308259.25,27003,160855,47.54,0.7335469967397756,Slight positive
HEROMOTOCO,EQ,2017-05-18,3645.95,3600.0,3639.0,3577.05,3586.0,3592.05,3602.46,294013,1059169584.35,23822,143430,48.78,-1.4783526927138246,Negative
HEROMOTOCO,EQ,2017-05-19,3592.05,3597.0,3656.0,3533.75,3565.0,3571.65,3593.06,270446,971728391.0,26291,113208,41.86,-0.5679208251555545,Slight negative
HEROMOTOCO,EQ,2017-05-22,3571.65,3596.75,3645.0,3550.95,3580.15,3562.45,3591.9,255829,918911777.8,22156,119621,46.76,-0.2575840297901588,Slight or No change
HEROMOTOCO,EQ,2017-05-23,3562.45,3593.9,3619.0,3550.0,3579.0,3585.0,3584.05,199447,714828089.4,27413,78193,39.2,0.6329913402293386,Slight positive
HEROMOTOCO,EQ,2017-05-24,3585.0,3585.0,3612.3,3527.2,3560.0,3567.6,3570.22,256025,914065392.85,39984,166139,64.89,-0.4853556485355681,Slight or No change
HEROMOTOCO,EQ,2017-05-25,3567.6,3567.6,3645.25,3527.15,3640.0,3625.85,3588.29,253648,910162981.05,31288,124004,48.89,1.6327503083305217,Positive
HEROMOTOCO,EQ,2017-05-26,3625.85,3626.1,3660.1,3605.6,3620.0,3618.4,3636.04,193039,701897907.85,21195,85002,44.03,-0.20546906242673302,Slight or No change
HEROMOTOCO,EQ,2017-05-29,3618.4,3621.9,3678.45,3590.55,3675.0,3665.8,3641.01,211133,768738284.25,16843,68418,32.41,1.3099712580145972,Positive
HEROMOTOCO,EQ,2017-05-30,3665.8,3660.0,3748.0,3660.0,3736.0,3740.35,3710.5,347224,1288374717.15,22493,171293,49.33,2.03366250204593,Positive
HEROMOTOCO,EQ,2017-05-31,3740.35,3735.0,3762.0,3721.2,3760.0,3745.45,3741.86,424001,1586554078.15,49480,273792,64.57,0.13635087625489817,Slight or No change
HEROMOTOCO,EQ,2017-06-01,3745.45,3742.0,3815.0,3708.8,3730.0,3733.35,3776.56,451621,1705571882.15,37325,279018,61.78,-0.3230586444886385,Slight or No change
HEROMOTOCO,EQ,2017-06-02,3733.35,3758.8,3857.5,3750.0,3849.95,3849.75,3827.99,570351,2183296767.4,35344,275420,48.29,3.117843223914174,Among top gainers
HEROMOTOCO,EQ,2017-06-05,3849.75,3850.0,3880.55,3821.25,3830.55,3834.95,3847.29,181146,696921627.7,21548,70089,38.69,-0.384440548087539,Slight or No change
HEROMOTOCO,EQ,2017-06-06,3834.95,3844.0,3844.0,3785.05,3803.15,3799.95,3803.95,119591,454918762.75,8696,39881,33.35,-0.9126585744273052,Slight negative
HEROMOTOCO,EQ,2017-06-07,3799.95,3803.85,3856.05,3803.85,3841.0,3843.25,3844.22,426059,1637862448.85,44951,294488,69.12,1.139488677482614,Positive
HEROMOTOCO,EQ,2017-06-08,3843.25,3847.0,3859.0,3778.25,3783.95,3784.45,3800.49,256253,973887835.25,35814,167153,65.23,-1.529955116112669,Negative
HEROMOTOCO,EQ,2017-06-09,3784.45,3796.3,3800.5,3755.6,3786.0,3780.1,3779.46,302560,1143513647.5,19861,198672,65.66,-0.11494404735166164,Slight or No change
HEROMOTOCO,EQ,2017-06-12,3780.1,3777.0,3790.0,3760.35,3771.05,3773.25,3779.97,182605,690242211.0,17760,117935,64.58,-0.18121213724504592,Slight or No change
HEROMOTOCO,EQ,2017-06-13,3773.25,3780.0,3785.35,3742.25,3751.0,3752.5,3765.91,212476,800166535.5,16843,128289,60.38,-0.549923805737762,Slight negative
HEROMOTOCO,EQ,2017-06-14,3752.5,3764.0,3808.0,3751.05,3781.3,3789.05,3788.77,374661,1419506200.95,39825,260012,69.4,0.9740173217854808,Slight positive
HEROMOTOCO,EQ,2017-06-15,3789.05,3786.0,3820.0,3760.0,3774.0,3777.7,3785.08,163019,617039697.15,14888,94856,58.19,-0.2995473799501269,Slight or No change
HEROMOTOCO,EQ,2017-06-16,3777.7,3798.0,3798.0,3757.8,3780.0,3783.55,3780.53,229485,867574013.0,20613,161061,70.18,0.1548561293909012,Slight or No change
HEROMOTOCO,EQ,2017-06-19,3783.55,3790.0,3834.0,3790.0,3830.0,3825.45,3821.75,176591,674886161.8,22384,76227,43.17,1.1074255659367482,Positive
HEROMOTOCO,EQ,2017-06-20,3825.45,3829.0,3846.9,3781.0,3786.0,3797.0,3806.82,235259,895588945.7,34610,122496,52.07,-0.7437033551608296,Slight negative
HEROMOTOCO,EQ,2017-06-21,3797.0,3805.0,3809.8,3756.0,3765.0,3769.25,3773.21,253054,954826784.8,30240,205141,81.07,-0.7308401369502282,Slight negative
HEROMOTOCO,EQ,2017-06-22,3769.25,3770.0,3788.3,3717.55,3721.65,3730.7,3758.12,272211,1023001975.0,22996,185201,68.04,-1.0227498839291638,Negative
HEROMOTOCO,EQ,2017-06-23,3730.7,3725.0,3730.05,3650.0,3650.55,3660.1,3676.28,371113,1364314798.65,43755,260537,70.2,-1.8924062508376416,Negative
HEROMOTOCO,EQ,2017-06-27,3660.1,3676.0,3711.7,3636.6,3700.0,3695.2,3671.43,365879,1343297828.15,44560,262472,71.74,0.9589901915248111,Slight positive
HEROMOTOCO,EQ,2017-06-28,3695.2,3681.0,3723.6,3667.05,3688.4,3688.45,3698.43,496312,1835577487.45,40066,364249,73.39,-0.18266940896297656,Slight or No change
HEROMOTOCO,EQ,2017-06-29,3688.45,3700.0,3735.95,3682.0,3724.5,3716.35,3706.91,384888,1426746550.25,31569,198187,51.49,0.7564152963982274,Slight positive
HEROMOTOCO,EQ,2017-06-30,3716.35,3690.0,3714.75,3665.0,3685.4,3701.35,3687.49,205581,758078830.45,20124,119182,57.97,-0.40362183325036716,Slight or No change
HEROMOTOCO,EQ,2017-07-03,3701.35,3688.0,3785.25,3671.4,3770.1,3776.1,3740.38,249649,933782078.1,17602,96380,38.61,2.0195334134842646,Positive
HEROMOTOCO,EQ,2017-07-04,3776.1,3804.05,3804.05,3693.65,3700.0,3703.35,3726.19,474327,1767434870.55,31147,171046,36.06,-1.9265909271470538,Negative
HEROMOTOCO,EQ,2017-07-05,3703.35,3700.5,3717.7,3696.8,3701.0,3709.75,3708.94,142509,528557277.0,13756,63523,44.57,0.17281650397613646,Slight or No change
HEROMOTOCO,EQ,2017-07-06,3709.75,3716.05,3745.0,3708.0,3722.8,3725.35,3733.53,161483,602901500.0,17899,83270,51.57,0.42051351169216655,Slight or No change
HEROMOTOCO,EQ,2017-07-07,3725.35,3720.0,3722.7,3673.0,3675.05,3681.65,3690.33,182590,673818223.45,27176,108288,59.31,-1.173044143503288,Negative
HEROMOTOCO,EQ,2017-07-10,3681.65,3699.55,3740.0,3687.0,3725.2,3731.0,3724.71,43195,160888828.4,3510,20054,46.43,1.3404315999619776,Positive
HEROMOTOCO,EQ,2017-07-11,3731.0,3735.0,3757.3,3735.0,3745.5,3748.3,3751.06,227102,851873451.55,26279,174117,76.67,0.46368265880460946,Slight or No change
HEROMOTOCO,EQ,2017-07-12,3748.3,3758.95,3776.95,3707.65,3721.2,3718.75,3735.47,232681,869171938.6,23536,158417,68.08,-0.7883573886828699,Slight negative
HEROMOTOCO,EQ,2017-07-13,3718.75,3732.2,3768.0,3731.1,3749.95,3750.95,3757.93,384727,1445775565.05,16231,304453,79.13,0.8658823529411608,Slight positive
HEROMOTOCO,EQ,2017-07-14,3750.95,3765.0,3796.0,3738.0,3752.0,3758.05,3767.92,187230,705468246.2,14517,101149,54.02,0.1892853810368189,Slight or No change
HEROMOTOCO,EQ,2017-07-17,3758.05,3758.05,3785.0,3738.05,3765.0,3764.35,3761.76,131553,494871344.15,8933,72510,55.12,0.1676401325155341,Slight or No change
HEROMOTOCO,EQ,2017-07-18,3764.35,3755.0,3799.0,3755.0,3780.0,3783.95,3781.79,224796,850131063.55,19334,160601,71.44,0.5206742199848513,Slight positive
HEROMOTOCO,EQ,2017-07-19,3783.95,3787.0,3795.0,3757.7,3785.0,3770.65,3772.67,464119,1750968158.05,45055,400082,86.2,-0.3514845597853977,Slight or No change
HEROMOTOCO,EQ,2017-07-20,3770.65,3772.05,3787.95,3716.5,3716.5,3729.9,3734.07,374090,1396879932.5,29554,302848,80.96,-1.0807155265007307,Negative
HEROMOTOCO,EQ,2017-07-21,3729.9,3729.05,3741.0,3675.0,3678.0,3682.0,3705.64,427736,1585034226.55,32196,327936,76.67,-1.2842167350331168,Negative
HEROMOTOCO,EQ,2017-07-24,3682.0,3692.0,3725.3,3682.05,3688.25,3692.3,3702.54,236050,873984299.75,21284,172608,73.12,0.27973927213471583,Slight or No change
HEROMOTOCO,EQ,2017-07-25,3692.3,3725.0,3750.0,3700.0,3700.0,3709.05,3723.7,433381,1613782206.2,36587,290027,66.92,0.45364677843078294,Slight or No change
HEROMOTOCO,EQ,2017-07-26,3709.05,3715.0,3745.45,3687.0,3715.5,3717.45,3717.68,366612,1362946036.55,12903,238293,65.0,0.22647308610019845,Slight or No change
HEROMOTOCO,EQ,2017-07-27,3717.45,3727.7,3759.0,3682.0,3711.8,3703.55,3730.08,452512,1687905667.8,32051,307961,68.06,-0.37391222477772823,Slight or No change
HEROMOTOCO,EQ,2017-07-28,3703.55,3691.55,3691.55,3610.0,3620.05,3630.3,3654.08,276500,1010351861.75,32529,177586,64.23,-1.9778320800313165,Negative
HEROMOTOCO,EQ,2017-07-31,3630.3,3629.9,3672.9,3605.0,3658.0,3655.75,3639.88,504658,1836894967.45,34281,401554,79.57,0.701043990854755,Slight positive
HEROMOTOCO,EQ,2017-08-01,3655.75,3675.0,3737.65,3668.05,3733.0,3727.85,3698.48,685598,2535667299.4,38264,490478,71.54,1.9722355193872554,Positive
HEROMOTOCO,EQ,2017-08-02,3727.85,3750.0,3838.8,3743.4,3798.0,3802.6,3805.23,828588,3152966310.8,49804,377671,45.58,2.005177246938583,Positive
HEROMOTOCO,EQ,2017-08-03,3802.6,3812.0,3845.0,3772.0,3838.95,3838.35,3822.22,424548,1622714923.9,28086,270104,63.62,0.9401462157471174,Slight positive
HEROMOTOCO,EQ,2017-08-04,3838.35,3836.0,3964.0,3816.4,3944.25,3956.55,3914.33,789172,3089081400.1,44565,462041,58.55,3.0794482003986268,Among top gainers
HEROMOTOCO,EQ,2017-08-07,3956.55,3950.0,4018.9,3927.85,3940.05,3952.7,3971.01,644961,2561148529.4,36236,411225,63.76,-0.09730699725771785,Slight or No change
HEROMOTOCO,EQ,2017-08-08,3952.7,3957.0,4003.5,3896.05,3905.0,3913.4,3940.03,253242,997781917.0,23105,126006,49.76,-0.9942570900903114,Slight negative
HEROMOTOCO,EQ,2017-08-09,3913.4,3915.0,3945.0,3859.55,3890.0,3883.75,3887.46,343296,1334550182.8,21506,189189,55.11,-0.7576531915981066,Slight negative
HEROMOTOCO,EQ,2017-08-10,3883.75,3875.0,3945.0,3861.05,3899.0,3889.55,3909.14,303409,1186067074.35,25690,144371,47.58,0.14934019954941924,Slight or No change
HEROMOTOCO,EQ,2017-08-11,3889.55,3878.3,3878.3,3796.7,3845.9,3840.9,3831.67,302935,1160746333.25,35531,171823,56.72,-1.2507873661477542,Negative
HEROMOTOCO,EQ,2017-08-14,3840.9,3850.0,3975.0,3849.5,3950.0,3957.05,3933.9,263329,1035909278.7,23933,136548,51.85,3.0240308261084703,Among top gainers
HEROMOTOCO,EQ,2017-08-16,3957.05,3965.1,4044.0,3933.3,4010.35,4022.1,4011.2,475186,1906068220.15,43242,262033,55.14,1.643901391187863,Positive
HEROMOTOCO,EQ,2017-08-17,4022.1,4025.0,4038.3,3975.6,3989.0,3997.85,4000.14,351635,1406588757.65,37331,245085,69.7,-0.6029188732254331,Slight negative
HEROMOTOCO,EQ,2017-08-18,3997.85,3983.0,4000.75,3968.5,3974.0,3986.7,3982.0,209351,833635417.65,25853,145509,69.5,-0.27889990870092474,Slight or No change
HEROMOTOCO,EQ,2017-08-21,3986.7,3988.0,4038.3,3950.05,3959.0,3972.05,3987.93,246195,981809145.15,26124,148027,60.13,-0.3674718438808955,Slight or No change
HEROMOTOCO,EQ,2017-08-22,3972.05,3997.0,3998.1,3881.15,3893.95,3888.05,3918.17,290303,1137457307.5,21454,140810,48.5,-2.1147770043176695,Negative
HEROMOTOCO,EQ,2017-08-23,3888.05,3927.0,3950.0,3865.6,3897.0,3888.9,3886.72,407757,1584837562.6,26257,300270,73.64,0.021861858772398435,Slight or No change
HEROMOTOCO,EQ,2017-08-24,3888.9,3908.0,3925.0,3870.0,3888.0,3882.65,3893.77,222636,866893012.2,14022,145783,65.48,-0.1607138265319219,Slight or No change
HEROMOTOCO,EQ,2017-08-28,3882.65,3885.0,3993.95,3838.45,3956.0,3959.2,3951.62,435266,1720007190.65,32321,292831,67.28,1.9715915676149054,Positive
HEROMOTOCO,EQ,2017-08-29,3959.2,3940.0,3980.0,3921.7,3950.0,3945.7,3948.91,397802,1570884043.75,18846,273038,68.64,-0.34097797534855534,Slight or No change
HEROMOTOCO,EQ,2017-08-30,3945.7,3950.0,4015.0,3949.85,3977.4,3988.1,3993.13,261951,1046003736.05,15350,141503,54.02,1.0745875256608528,Positive
HEROMOTOCO,EQ,2017-08-31,3988.1,3989.0,4021.0,3968.0,3985.0,3995.1,3999.85,469468,1877802253.8,29406,308984,65.82,0.17552217848098017,Slight or No change
HEROMOTOCO,EQ,2017-09-01,3995.1,4006.0,4091.95,3995.0,4036.05,4048.95,4046.97,388220,1571114355.85,25372,208683,53.75,1.3479011789442108,Positive
HEROMOTOCO,EQ,2017-09-04,4048.95,4084.0,4084.0,3961.45,3975.0,3978.9,3998.6,226397,905271234.7,18430,95454,42.16,-1.7300781684140287,Negative
HEROMOTOCO,EQ,2017-09-05,3978.9,3994.0,4007.5,3960.0,3962.45,3970.45,3978.0,250627,996994461.4,17579,149408,59.61,-0.21237025308502577,Slight or No change
HEROMOTOCO,EQ,2017-09-06,3970.45,3953.0,3994.9,3940.0,3947.7,3950.65,3965.11,218970,868240833.9,18732,135263,61.77,-0.4986840282587557,Slight or No change
HEROMOTOCO,EQ,2017-09-07,3950.65,3953.0,4012.5,3953.0,3980.0,3982.9,3992.95,256960,1026029688.5,28512,144893,56.39,0.8163213648386902,Slight positive
HEROMOTOCO,EQ,2017-09-08,3982.9,3997.4,4002.0,3946.75,3947.95,3956.05,3973.23,145201,576917068.0,10665,76936,52.99,-0.6741319139320523,Slight negative
HEROMOTOCO,EQ,2017-09-11,3956.05,3999.0,3999.95,3936.6,3950.0,3944.5,3956.29,217005,858535627.25,20246,157953,72.79,-0.2919578872865647,Slight or No change
HEROMOTOCO,EQ,2017-09-12,3944.5,3958.4,3970.35,3909.95,3913.8,3918.9,3927.88,219890,863701556.5,17836,149003,67.76,-0.6490049435923462,Slight negative
HEROMOTOCO,EQ,2017-09-13,3918.9,3913.8,3970.0,3878.0,3899.9,3893.55,3930.41,262986,1033642624.6,19729,133005,50.57,-0.6468651917629908,Slight negative
HEROMOTOCO,EQ,2017-09-14,3893.55,3905.0,3922.0,3884.45,3890.0,3891.25,3900.75,190185,741863585.75,14689,94795,49.84,-0.05907205506543445,Slight or No change
HEROMOTOCO,EQ,2017-09-15,3891.25,3885.0,3910.0,3870.0,3888.0,3888.0,3887.9,389738,1515261646.8,26966,270902,69.51,-0.08352071956312379,Slight or No change
HEROMOTOCO,EQ,2017-09-18,3888.0,3895.0,3961.4,3895.0,3955.95,3949.9,3943.88,573380,2261344373.45,34953,301990,52.67,1.5920781893004055,Positive
HEROMOTOCO,EQ,2017-09-19,3949.9,3970.0,3977.85,3936.8,3945.0,3944.25,3953.34,154125,609308954.7,13074,62636,40.64,-0.14304159598977906,Slight or No change
HEROMOTOCO,EQ,2017-09-20,3944.25,3939.85,3958.3,3845.0,3850.0,3856.05,3875.62,515833,1999171918.3,53726,350698,67.99,-2.236166571591558,Negative
HEROMOTOCO,EQ,2017-09-21,3856.05,3856.1,3901.55,3811.7,3890.55,3896.4,3872.96,490206,1898548191.95,25976,279486,57.01,1.0464075932625327,Positive
HEROMOTOCO,EQ,2017-09-22,3896.4,3879.95,3879.95,3780.05,3785.0,3791.15,3815.4,719999,2747083251.15,31447,499096,69.32,-2.701211374602197,Negative
HEROMOTOCO,EQ,2017-09-25,3791.15,3825.7,3825.7,3721.0,3745.0,3755.95,3748.32,275648,1033218231.05,28024,147686,53.58,-0.9284781662556307,Slight negative
HEROMOTOCO,EQ,2017-09-26,3755.95,3801.0,3805.35,3742.15,3775.25,3787.75,3778.47,548321,2071811984.1,52440,330736,60.32,0.8466566381341689,Slight positive
HEROMOTOCO,EQ,2017-09-27,3787.75,3820.0,3824.9,3708.6,3725.25,3727.4,3772.38,266924,1006937797.3,33071,140144,52.5,-1.5932941720018468,Negative
HEROMOTOCO,EQ,2017-09-28,3727.4,3749.0,3779.0,3674.5,3711.8,3740.05,3726.5,789127,2940683469.3,60009,492846,62.45,0.3393786553629985,Slight or No change
HEROMOTOCO,EQ,2017-09-29,3740.05,3734.0,3819.35,3718.25,3782.1,3774.55,3784.05,547536,2071903833.35,44730,339361,61.98,0.9224475608614835,Slight positive
HEROMOTOCO,EQ,2017-10-03,3774.55,3840.0,3845.0,3793.8,3806.25,3806.25,3811.64,294342,1121925305.45,26483,176376,59.92,0.8398352121444796,Slight positive
HEROMOTOCO,EQ,2017-10-04,3806.25,3870.0,3870.0,3774.6,3792.0,3794.9,3821.46,388211,1483533201.8,39312,211329,54.44,-0.2981937602627216,Slight or No change
HEROMOTOCO,EQ,2017-10-05,3794.9,3796.0,3797.0,3750.0,3750.65,3755.45,3764.92,260215,979688387.85,20096,172996,66.48,-1.0395530844027556,Negative
HEROMOTOCO,EQ,2017-10-06,3755.45,3755.5,3777.0,3688.1,3714.0,3703.95,3720.54,373696,1390352114.35,20484,212329,56.82,-1.371340318736769,Negative
HEROMOTOCO,EQ,2017-10-09,3703.95,3703.05,3715.0,3670.0,3675.95,3676.4,3691.14,423770,1564194886.35,33240,314093,74.12,-0.7438005372642609,Slight negative
HEROMOTOCO,EQ,2017-10-10,3676.4,3690.0,3720.8,3661.2,3692.0,3695.25,3701.5,367529,1360407881.6,36099,215326,58.59,0.5127298444130179,Slight positive
HEROMOTOCO,EQ,2017-10-11,3695.25,3701.1,3744.8,3677.6,3681.0,3689.55,3707.22,298989,1108417574.9,32331,151030,50.51,-0.1542520803734515,Slight or No change
HEROMOTOCO,EQ,2017-10-12,3689.55,3697.0,3760.65,3694.95,3750.0,3751.0,3730.97,343176,1280380040.05,36086,209389,61.02,1.6655147646732038,Positive
HEROMOTOCO,EQ,2017-10-13,3751.0,3757.0,3790.0,3743.2,3765.0,3763.85,3769.09,213882,806140475.2,29166,103632,48.45,0.3425753132497933,Slight or No change
HEROMOTOCO,EQ,2017-10-16,3763.85,3797.7,3805.65,3766.8,3774.0,3776.65,3787.84,261710,991316678.05,35366,128779,49.21,0.34007731445195866,Slight or No change
HEROMOTOCO,EQ,2017-10-17,3776.65,3785.0,3828.5,3758.8,3800.0,3789.05,3803.83,447594,1702570697.6,28069,177371,39.63,0.3283333112679143,Slight or No change
HEROMOTOCO,EQ,2017-10-18,3789.05,3813.9,3813.9,3725.0,3748.0,3753.0,3765.85,236096,889103263.8,26811,69475,29.43,-0.9514258191367309,Slight negative
HEROMOTOCO,EQ,2017-10-19,3753.0,3750.0,3759.4,3720.0,3729.9,3735.6,3738.56,24217,90536760.9,2498,6959,28.74,-0.46362909672262864,Slight or No change
HEROMOTOCO,EQ,2017-10-23,3735.6,3792.95,3814.0,3770.0,3792.75,3791.25,3792.11,510178,1934650159.55,51180,297537,58.32,1.489720526823013,Positive
HEROMOTOCO,EQ,2017-10-24,3791.25,3792.0,3807.2,3742.2,3756.0,3755.4,3774.77,138844,524103529.0,19209,81623,58.79,-0.9455984174084997,Slight negative
HEROMOTOCO,EQ,2017-10-25,3755.4,3784.9,3784.9,3717.0,3769.15,3769.65,3751.32,464158,1741205098.25,35511,260773,56.18,0.37945358683495467,Slight or No change
HEROMOTOCO,EQ,2017-10-26,3769.65,3765.7,3787.9,3730.25,3745.4,3750.85,3767.1,357840,1348018038.8,33832,183528,51.29,-0.49872004032205375,Slight or No change
HEROMOTOCO,EQ,2017-10-27,3750.85,3764.0,3815.0,3750.6,3789.9,3786.65,3790.92,328558,1245536041.95,34321,188615,57.41,0.9544503245930924,Slight positive
HEROMOTOCO,EQ,2017-10-30,3786.65,3813.95,3841.5,3801.65,3833.0,3833.0,3829.85,244919,938004190.55,20682,170174,69.48,1.2240370776279708,Positive
HEROMOTOCO,EQ,2017-10-31,3833.0,3857.0,3870.05,3821.7,3853.75,3849.9,3851.31,307237,1183266037.0,32236,162910,53.02,0.44090790503521493,Slight or No change
HEROMOTOCO,EQ,2017-11-01,3849.9,3875.0,3882.9,3803.8,3824.8,3819.35,3854.1,338059,1302912616.45,21350,155254,45.93,-0.7935271046001224,Slight negative
HEROMOTOCO,EQ,2017-11-02,3819.35,3763.3,3804.7,3713.0,3721.05,3735.85,3764.64,518139,1950608537.2,37224,261133,50.4,-2.1862358778326207,Negative
HEROMOTOCO,EQ,2017-11-03,3735.85,3739.9,3742.95,3675.3,3686.0,3689.05,3701.96,364403,1349006180.45,34392,167422,45.94,-1.2527269563820775,Negative
HEROMOTOCO,EQ,2017-11-06,3689.05,3675.5,3715.0,3661.85,3683.25,3688.85,3695.98,290004,1071848749.3,38481,186649,64.36,-0.005421449966802605,Slight or No change
HEROMOTOCO,EQ,2017-11-07,3688.85,3695.25,3729.1,3675.0,3678.05,3681.5,3696.46,303030,1120137512.85,29910,164011,54.12,-0.1992490884692999,Slight or No change
HEROMOTOCO,EQ,2017-11-08,3681.5,3698.0,3718.65,3610.5,3625.5,3622.55,3652.58,367993,1344124398.65,27502,188855,51.32,-1.6012494906967212,Negative
HEROMOTOCO,EQ,2017-11-09,3622.55,3628.0,3659.9,3590.0,3601.0,3597.75,3615.33,241249,872194707.2,16213,93833,38.89,-0.6846006266304161,Slight negative
HEROMOTOCO,EQ,2017-11-10,3597.75,3605.0,3635.0,3560.75,3631.95,3605.1,3592.21,307029,1102911730.05,25062,176998,57.65,0.20429435063580303,Slight or No change
HEROMOTOCO,EQ,2017-11-13,3605.1,3639.0,3639.0,3569.0,3581.0,3579.9,3587.42,230714,827669116.7,24905,133549,57.89,-0.6990097362070347,Slight negative
HEROMOTOCO,EQ,2017-11-14,3579.9,3579.9,3662.4,3579.9,3655.0,3655.2,3638.82,430968,1568214879.2,54148,244232,56.67,2.1034107097963606,Positive
HEROMOTOCO,EQ,2017-11-15,3655.2,3650.5,3709.4,3640.0,3672.45,3671.8,3679.12,413595,1521667313.0,33362,254781,61.6,0.45414751586780877,Slight or No change
HEROMOTOCO,EQ,2017-11-16,3671.8,3672.0,3688.95,3625.25,3662.0,3657.0,3665.26,252451,925297477.5,29646,128716,50.99,-0.4030720627485218,Slight or No change
HEROMOTOCO,EQ,2017-11-17,3657.0,3693.6,3697.0,3622.5,3628.0,3631.15,3652.18,338039,1234580740.05,30728,221161,65.42,-0.7068635493573949,Slight negative
HEROMOTOCO,EQ,2017-11-20,3631.15,3632.4,3689.0,3618.0,3661.45,3658.6,3653.99,350045,1279060678.6,45497,248281,70.93,0.7559588560098085,Slight positive
HEROMOTOCO,EQ,2017-11-21,3658.6,3665.1,3690.5,3664.9,3679.0,3678.75,3680.65,202939,746947330.4,20030,130539,64.32,0.5507571202099104,Slight positive
HEROMOTOCO,EQ,2017-11-22,3678.75,3685.1,3710.0,3645.2,3661.8,3661.3,3676.33,293485,1078947106.25,51637,212294,72.34,-0.4743459055385646,Slight or No change
HEROMOTOCO,EQ,2017-11-23,3661.3,3685.0,3698.35,3645.5,3680.0,3677.35,3680.22,219012,806012735.5,15146,127253,58.1,0.43836888536856744,Slight or No change
HEROMOTOCO,EQ,2017-11-24,3677.35,3689.4,3690.15,3650.0,3656.5,3653.25,3676.01,388730,1428976277.35,23031,315236,81.09,-0.6553632371136819,Slight negative
HEROMOTOCO,EQ,2017-11-27,3653.25,3651.15,3670.0,3631.05,3662.9,3663.0,3646.75,172252,628159625.8,20362,79678,46.26,0.26688564976391493,Slight or No change
HEROMOTOCO,EQ,2017-11-28,3663.0,3680.0,3680.0,3655.1,3675.0,3673.6,3668.27,155386,569998518.05,22595,85673,55.14,0.28938028938028104,Slight or No change
HEROMOTOCO,EQ,2017-11-29,3673.6,3683.0,3695.0,3649.0,3650.0,3656.3,3668.14,172201,631657134.65,18545,97563,56.66,-0.47092770034842246,Slight or No change
HEROMOTOCO,EQ,2017-11-30,3656.3,3649.0,3678.0,3621.0,3645.0,3633.65,3643.51,456685,1663935767.5,37575,288256,63.12,-0.6194787079834785,Slight negative
HEROMOTOCO,EQ,2017-12-01,3633.65,3642.0,3680.0,3547.5,3550.0,3604.05,3637.19,222230,808292895.0,20886,129837,58.42,-0.8146079011462248,Slight negative
HEROMOTOCO,EQ,2017-12-04,3604.05,3635.0,3635.0,3593.8,3604.35,3601.4,3610.18,131129,473399348.6,18423,66720,50.88,-0.07352839167048542,Slight or No change
HEROMOTOCO,EQ,2017-12-05,3601.4,3597.0,3597.0,3513.05,3522.15,3520.55,3533.13,242868,858084783.85,25576,113769,46.84,-2.2449602932193002,Negative
HEROMOTOCO,EQ,2017-12-06,3520.55,3516.0,3518.1,3473.35,3511.9,3505.6,3497.37,291780,1020461875.55,33165,148376,50.85,-0.4246495575975451,Slight or No change
HEROMOTOCO,EQ,2017-12-07,3505.6,3520.0,3568.0,3517.95,3551.15,3551.1,3547.71,301458,1069484071.95,48418,163774,54.33,1.2979233226837028,Positive
HEROMOTOCO,EQ,2017-12-08,3551.1,3530.0,3567.0,3506.05,3522.0,3519.55,3530.45,177525,626742390.0,21889,77524,43.67,-0.8884570978006767,Slight negative
HEROMOTOCO,EQ,2017-12-11,3519.55,3544.0,3544.0,3500.3,3517.0,3514.85,3515.1,226419,795886143.65,24447,158087,69.82,-0.13353979912205105,Slight or No change
HEROMOTOCO,EQ,2017-12-12,3514.85,3517.0,3524.0,3432.75,3437.0,3441.7,3470.3,427882,1484877988.2,31924,283487,66.25,-2.081169893452073,Negative
HEROMOTOCO,EQ,2017-12-13,3441.7,3435.0,3490.3,3410.0,3427.0,3419.45,3451.25,348709,1203481111.9,46943,191482,54.91,-0.646482842781182,Slight negative
HEROMOTOCO,EQ,2017-12-14,3419.45,3452.0,3471.4,3416.2,3454.05,3460.55,3438.46,314655,1081929512.45,26753,213308,67.79,1.2019476816447217,Positive
HEROMOTOCO,EQ,2017-12-15,3460.55,3470.0,3511.95,3465.1,3498.0,3503.0,3494.93,372029,1300214225.05,29493,247265,66.46,1.2266836196558328,Positive
HEROMOTOCO,EQ,2017-12-18,3503.0,3487.0,3553.65,3430.65,3540.0,3535.35,3523.85,412556,1453786979.0,31310,248953,60.34,0.9234941478732495,Slight positive
HEROMOTOCO,EQ,2017-12-19,3535.35,3560.0,3710.65,3540.0,3704.7,3701.0,3642.35,876214,3191476802.25,54833,541355,61.78,4.685533256961838,Among top gainers
HEROMOTOCO,EQ,2017-12-20,3701.0,3733.4,3793.9,3696.05,3747.3,3749.2,3764.07,664592,2501569163.85,44663,342726,51.57,1.3023507160226933,Positive
HEROMOTOCO,EQ,2017-12-21,3749.2,3784.5,3822.25,3771.35,3794.0,3805.95,3797.91,612505,2326240819.65,48075,394715,64.44,1.5136562466659509,Positive
HEROMOTOCO,EQ,2017-12-22,3805.95,3814.0,3829.0,3774.0,3790.85,3792.8,3800.32,438144,1665085888.9,34403,228358,52.12,-0.34551163310079236,Slight or No change
HEROMOTOCO,EQ,2017-12-26,3792.8,3792.8,3848.8,3747.2,3808.0,3813.8,3789.77,320480,1214546947.5,19644,130523,40.73,0.5536806580890064,Slight positive
HEROMOTOCO,EQ,2017-12-27,3813.8,3813.0,3834.4,3757.05,3778.35,3786.65,3793.96,189623,719422360.25,13920,83568,44.07,-0.7118884052650931,Slight negative
HEROMOTOCO,EQ,2017-12-28,3786.65,3762.1,3783.5,3702.3,3725.05,3716.65,3736.55,605738,2263370500.7,28403,422679,69.78,-1.8485996857380504,Negative
HEROMOTOCO,EQ,2017-12-29,3716.65,3730.0,3809.85,3720.05,3807.0,3785.15,3763.97,274559,1033432806.1,19756,143705,52.34,1.8430575921865033,Positive
HEROMOTOCO,EQ,2018-01-01,3785.15,3810.0,3810.0,3740.0,3756.0,3749.1,3757.3,201102,755599895.35,8712,105027,52.23,-0.9524061133640682,Slight negative
HEROMOTOCO,EQ,2018-01-02,3749.1,3781.0,3784.35,3719.25,3740.05,3743.85,3750.07,258156,968103397.95,18744,98531,38.17,-0.140033608065937,Slight or No change
HEROMOTOCO,EQ,2018-01-03,3743.85,3728.0,3764.4,3728.0,3755.2,3755.2,3751.69,274963,1031575872.35,24358,165309,60.12,0.30316385538950996,Slight or No change
HEROMOTOCO,EQ,2018-01-04,3755.2,3755.0,3759.95,3721.55,3747.8,3738.9,3730.95,196775,734158040.25,35468,134969,68.59,-0.43406476352789714,Slight or No change
HEROMOTOCO,EQ,2018-01-05,3738.9,3758.7,3758.7,3726.2,3752.0,3744.65,3740.2,234199,875951800.55,22721,154494,65.97,0.15378854743373083,Slight or No change
HEROMOTOCO,EQ,2018-01-08,3744.65,3773.0,3792.0,3745.3,3784.75,3786.75,3779.14,249549,943080485.1,29001,150130,60.16,1.1242706260932156,Positive
HEROMOTOCO,EQ,2018-01-09,3786.75,3800.0,3804.8,3742.65,3743.6,3749.45,3767.2,290158,1093084556.55,19859,198904,68.55,-0.9850135340331412,Slight negative
HEROMOTOCO,EQ,2018-01-10,3749.45,3740.0,3752.55,3725.0,3745.0,3736.9,3740.24,250123,935519494.45,17660,179421,71.73,-0.33471575831121037,Slight or No change
HEROMOTOCO,EQ,2018-01-11,3736.9,3740.7,3743.2,3700.2,3715.4,3705.65,3713.24,366135,1359546221.55,26481,291103,79.51,-0.8362546495758516,Slight negative
HEROMOTOCO,EQ,2018-01-12,3705.65,3726.9,3726.9,3650.6,3679.1,3687.35,3696.06,363795,1344608082.2,22464,257506,70.78,-0.4938404868241819,Slight or No change
HEROMOTOCO,EQ,2018-01-15,3687.35,3687.7,3700.0,3613.65,3620.05,3628.8,3648.81,229198,836300628.85,31005,125521,54.77,-1.5878612011336002,Negative
HEROMOTOCO,EQ,2018-01-16,3628.8,3637.7,3664.0,3578.15,3587.7,3586.1,3619.1,271813,983718991.4,32577,142570,52.45,-1.1766975308642014,Negative
HEROMOTOCO,EQ,2018-01-17,3586.1,3586.0,3590.15,3526.3,3580.3,3566.85,3548.03,501484,1779280467.65,70955,326766,65.16,-0.5367948467694728,Slight negative
HEROMOTOCO,EQ,2018-01-18,3566.85,3586.0,3643.0,3576.05,3591.1,3593.35,3611.41,345926,1249281635.8,31440,195606,56.55,0.7429524650601982,Slight positive
HEROMOTOCO,EQ,2018-01-19,3593.35,3558.0,3620.0,3552.3,3593.25,3589.75,3572.4,295410,1055322380.35,27966,189957,64.3,-0.10018506407669658,Slight or No change
HEROMOTOCO,EQ,2018-01-22,3589.75,3592.75,3621.9,3589.1,3609.1,3602.95,3608.67,320126,1155229192.1,41272,208905,65.26,0.3677136290828109,Slight or No change
HEROMOTOCO,EQ,2018-01-23,3602.95,3634.0,3635.0,3608.25,3628.0,3630.0,3624.7,285236,1033893705.3,39821,183679,64.4,0.7507736715746782,Slight positive
HEROMOTOCO,EQ,2018-01-24,3630.0,3629.7,3650.0,3600.0,3645.5,3645.5,3628.56,312383,1133501299.4,28674,225436,72.17,0.42699724517907267,Slight or No change
HEROMOTOCO,EQ,2018-01-25,3645.5,3659.9,3659.9,3561.0,3586.5,3571.2,3587.46,487836,1750090436.35,31439,304225,62.36,-2.0381292003840423,Negative
HEROMOTOCO,EQ,2018-01-29,3571.2,3584.7,3658.25,3574.55,3650.0,3641.75,3605.97,403110,1453602494.65,45295,291004,72.19,1.9755264336917655,Positive
HEROMOTOCO,EQ,2018-01-30,3641.75,3657.4,3696.0,3649.9,3682.6,3687.85,3677.32,540432,1987339259.85,45332,392669,72.66,1.2658749227706378,Positive
HEROMOTOCO,EQ,2018-01-31,3687.85,3703.0,3747.9,3682.0,3692.15,3691.45,3709.83,558327,2071295477.4,38162,347227,62.19,0.0976178532207106,Slight or No change
HEROMOTOCO,EQ,2018-02-01,3691.45,3695.15,3744.0,3692.5,3729.65,3732.95,3725.56,346581,1291207555.75,35130,176084,50.81,1.1242194801500682,Positive
HEROMOTOCO,EQ,2018-02-02,3732.95,3729.7,3752.45,3612.7,3620.0,3623.45,3664.6,469510,1720568318.55,38623,278266,59.27,-2.9333369051286473,Negative
HEROMOTOCO,EQ,2018-02-05,3623.45,3598.0,3662.6,3550.05,3655.65,3636.4,3615.29,319150,1153819339.3,37416,181651,56.92,0.3573941961390492,Slight or No change
HEROMOTOCO,EQ,2018-02-06,3636.4,3527.3,3564.8,3450.0,3539.5,3541.85,3528.2,442426,1560965836.4,52602,240831,54.43,-2.6000989990100143,Negative
HEROMOTOCO,EQ,2018-02-07,3541.85,3618.9,3620.0,3542.5,3562.0,3566.4,3573.09,336709,1203090815.15,47613,178023,52.87,0.6931405903694454,Slight positive
HEROMOTOCO,EQ,2018-02-08,3566.4,3570.0,3615.95,3555.0,3574.45,3582.2,3587.22,325607,1168024966.2,36399,168262,51.68,0.4430237774786905,Slight or No change
HEROMOTOCO,EQ,2018-02-09,3582.2,3536.8,3576.35,3530.1,3545.5,3546.1,3551.58,604849,2148171598.35,46400,516338,85.37,-1.0077605940483458,Negative
HEROMOTOCO,EQ,2018-02-12,3546.1,3566.0,3616.7,3545.5,3615.25,3611.9,3599.8,385092,1386255502.05,30228,289190,75.1,1.8555596288880816,Positive
HEROMOTOCO,EQ,2018-02-14,3611.9,3620.4,3624.0,3562.65,3599.5,3596.05,3595.37,315246,1133425138.7,37781,216741,68.75,-0.43882721005564784,Slight or No change
HEROMOTOCO,EQ,2018-02-15,3596.05,3565.0,3575.0,3520.0,3525.1,3527.25,3546.76,221710,786351806.05,17375,122987,55.47,-1.9132103279987822,Negative
HEROMOTOCO,EQ,2018-02-16,3527.25,3549.0,3549.8,3485.0,3494.25,3494.2,3513.65,219454,771085597.2,19799,134064,61.09,-0.9369905733928707,Slight negative
HEROMOTOCO,EQ,2018-02-19,3494.2,3502.0,3519.35,3442.0,3479.8,3465.7,3473.05,246616,856510138.45,19574,147262,59.71,-0.815637341880826,Slight negative
HEROMOTOCO,EQ,2018-02-20,3465.7,3466.0,3518.0,3443.25,3499.0,3477.45,3492.33,340087,1187695316.0,22913,238998,70.28,0.3390368468130456,Slight or No change
HEROMOTOCO,EQ,2018-02-21,3477.45,3517.8,3517.8,3460.0,3505.0,3490.75,3483.07,266352,927723186.5,29195,179200,67.28,0.3824641619577518,Slight or No change
HEROMOTOCO,EQ,2018-02-22,3490.75,3484.0,3499.3,3458.7,3471.05,3481.2,3478.07,434663,1511787762.25,34587,301132,69.28,-0.2735801761799106,Slight or No change
HEROMOTOCO,EQ,2018-02-23,3481.2,3483.4,3508.0,3455.0,3494.75,3494.7,3484.18,142023,494833191.6,13393,67689,47.66,0.3877973112719646,Slight or No change
HEROMOTOCO,EQ,2018-02-26,3494.7,3519.0,3549.95,3500.4,3541.9,3537.85,3536.93,361326,1277984441.2,23243,268792,74.39,1.2347268721206506,Positive
HEROMOTOCO,EQ,2018-02-27,3537.85,3573.1,3593.95,3545.0,3584.85,3585.5,3577.8,320893,1148091249.85,55741,198730,61.93,1.3468632078804887,Positive
HEROMOTOCO,EQ,2018-02-28,3585.5,3525.0,3613.0,3525.0,3588.25,3596.7,3591.21,362559,1302026649.3,43079,211823,58.42,0.31236926509552454,Slight or No change
HEROMOTOCO,EQ,2018-03-01,3596.7,3575.0,3596.95,3565.15,3580.0,3576.9,3576.35,200696,717758272.8,17603,128814,64.18,-0.5505046292434645,Slight negative
HEROMOTOCO,EQ,2018-03-05,3576.9,3578.0,3581.9,3535.0,3570.0,3556.45,3553.72,242671,862384690.75,19830,154239,63.56,-0.5717241186502409,Slight negative
HEROMOTOCO,EQ,2018-03-06,3556.45,3571.1,3595.0,3544.7,3552.5,3561.9,3579.92,380991,1363915667.1,24040,291192,76.43,0.15324269988332695,Slight or No change
HEROMOTOCO,EQ,2018-03-07,3561.9,3550.0,3560.0,3515.0,3542.05,3554.4,3541.06,234750,831264778.2,22085,155735,66.34,-0.21056177882591287,Slight or No change
HEROMOTOCO,EQ,2018-03-08,3554.4,3561.0,3601.0,3545.65,3600.0,3586.7,3570.5,145720,520293412.9,14399,80536,55.27,0.908732838172388,Slight positive
HEROMOTOCO,EQ,2018-03-09,3586.7,3605.9,3661.45,3581.0,3589.3,3586.35,3626.03,272293,987341497.25,23366,106528,39.12,-0.009758273621984781,Slight or No change
HEROMOTOCO,EQ,2018-03-12,3586.35,3600.4,3718.0,3599.85,3707.3,3694.5,3656.46,192336,703268328.15,14773,95095,49.44,3.0156008197749884,Among top gainers
HEROMOTOCO,EQ,2018-03-13,3694.5,3694.95,3729.75,3672.0,3690.0,3701.2,3705.49,233650,865786929.15,28173,139569,59.73,0.18135065638109626,Slight or No change
HEROMOTOCO,EQ,2018-03-14,3701.2,3680.0,3687.2,3622.0,3642.0,3639.35,3645.49,192489,701715901.1,17102,108171,56.2,-1.6710796498432878,Negative
HEROMOTOCO,EQ,2018-03-15,3639.35,3641.9,3690.0,3632.0,3643.6,3640.8,3659.65,198082,724909905.5,12521,80831,40.81,0.039842279527935176,Slight or No change
HEROMOTOCO,EQ,2018-03-16,3640.8,3665.0,3665.0,3530.65,3542.0,3546.1,3567.94,462796,1651227537.25,43277,343269,74.17,-2.6010766864425494,Negative
HEROMOTOCO,EQ,2018-03-19,3546.1,3546.0,3549.0,3490.8,3517.85,3515.3,3512.49,252482,886839344.15,16669,149387,59.17,-0.868559826288029,Slight negative
HEROMOTOCO,EQ,2018-03-20,3515.3,3498.1,3537.0,3498.1,3510.6,3513.8,3515.1,212901,748368753.35,20764,145563,68.37,-0.042670611327622066,Slight or No change
HEROMOTOCO,EQ,2018-03-21,3513.8,3529.95,3529.95,3455.55,3455.55,3463.6,3482.27,667122,2323097602.05,51084,448034,67.16,-1.4286527406226934,Negative
HEROMOTOCO,EQ,2018-03-22,3463.6,3473.2,3484.85,3440.0,3455.0,3452.3,3455.26,482411,1666857634.85,39040,327912,67.97,-0.3262501443584642,Slight or No change
HEROMOTOCO,EQ,2018-03-23,3452.3,3435.1,3435.1,3361.05,3414.5,3413.75,3396.59,423299,1437772074.6,39418,257572,60.85,-1.116646873099103,Negative
HEROMOTOCO,EQ,2018-03-26,3413.75,3414.0,3501.7,3365.5,3468.2,3481.7,3429.65,359650,1233472000.25,36687,204220,56.78,1.9904796777737044,Positive
HEROMOTOCO,EQ,2018-03-27,3481.7,3485.1,3488.0,3436.0,3471.0,3464.7,3460.51,325438,1126182872.55,20197,224319,68.93,-0.4882672257805143,Slight or No change
HEROMOTOCO,EQ,2018-03-28,3464.7,3455.0,3579.0,3428.05,3534.0,3542.8,3516.82,786796,2767016722.45,55307,343604,43.67,2.2541634196322935,Positive
HEROMOTOCO,EQ,2018-04-02,3542.8,3544.0,3654.65,3512.2,3640.0,3646.0,3592.76,244943,880020770.55,24452,73473,30.0,2.912950208874321,Positive
HEROMOTOCO,EQ,2018-04-03,3646.0,3644.95,3669.0,3621.0,3640.4,3644.95,3642.8,318581,1160527924.05,26697,195779,61.45,-0.028798683488762133,Slight or No change
HEROMOTOCO,EQ,2018-04-04,3644.95,3653.5,3695.0,3627.0,3646.3,3667.15,3671.91,526063,1931657762.65,31871,343728,65.34,0.60906185270031,Slight positive
HEROMOTOCO,EQ,2018-04-05,3667.15,3700.0,3796.0,3699.95,3790.0,3782.15,3753.95,440824,1654832345.5,36121,244863,55.55,3.1359502611019385,Among top gainers
HEROMOTOCO,EQ,2018-04-06,3782.15,3781.0,3787.95,3750.0,3761.5,3779.45,3773.58,213101,804153767.8,16317,122314,57.4,-0.07138796716154028,Slight or No change
HEROMOTOCO,EQ,2018-04-09,3779.45,3784.0,3807.1,3775.2,3800.0,3798.7,3797.54,265991,1010111521.55,23877,194148,72.99,0.5093333686118307,Slight positive
HEROMOTOCO,EQ,2018-04-10,3798.7,3815.0,3815.0,3714.0,3722.0,3718.3,3751.25,321682,1206710363.65,36718,208199,64.72,-2.1165135441071903,Negative
HEROMOTOCO,EQ,2018-04-11,3718.3,3732.0,3755.0,3681.0,3747.35,3739.35,3715.19,291118,1081559744.15,11795,183774,63.13,0.5661189253153287,Slight positive
HEROMOTOCO,EQ,2018-04-12,3739.35,3744.0,3786.5,3726.05,3737.35,3749.45,3753.86,115113,432117940.05,14309,45018,39.11,0.27010041852193467,Slight or No change
HEROMOTOCO,EQ,2018-04-13,3749.45,3759.8,3770.0,3698.0,3735.65,3725.9,3729.4,164961,615205991.8,18192,74864,45.38,-0.6280921201776146,Slight negative
HEROMOTOCO,EQ,2018-04-16,3725.9,3723.0,3810.0,3710.2,3807.0,3803.15,3786.5,164316,622183147.4,13594,60556,36.85,2.0733245658766997,Positive
HEROMOTOCO,EQ,2018-04-17,3803.15,3825.0,3825.0,3763.15,3765.1,3769.0,3782.51,223874,846805651.8,23516,139364,62.25,-0.897939865637698,Slight negative
HEROMOTOCO,EQ,2018-04-18,3769.0,3765.05,3784.0,3731.6,3739.4,3737.8,3748.93,204458,766499612.3,20797,127988,62.6,-0.827805784027591,Slight negative
HEROMOTOCO,EQ,2018-04-19,3737.8,3765.0,3770.0,3709.0,3710.0,3723.6,3738.45,234124,875261236.3,26688,133356,56.96,-0.3799026165123953,Slight or No change
HEROMOTOCO,EQ,2018-04-20,3723.6,3725.0,3750.3,3690.0,3737.2,3742.7,3726.94,399283,1488101844.25,26626,293271,73.45,0.5129444623482637,Slight positive
HEROMOTOCO,EQ,2018-04-23,3742.7,3736.4,3736.4,3691.35,3714.0,3718.2,3710.61,236404,877202124.15,15003,130122,55.04,-0.6546076361984676,Slight negative
HEROMOTOCO,EQ,2018-04-24,3718.2,3740.0,3744.0,3706.3,3718.0,3716.9,3719.26,333702,1241125343.55,21306,243728,73.04,-0.034963154214395775,Slight or No change
HEROMOTOCO,EQ,2018-04-25,3716.9,3736.0,3753.0,3700.9,3709.55,3717.2,3728.1,219848,819615194.85,18140,105796,48.12,0.00807124216415378,Slight or No change
HEROMOTOCO,EQ,2018-04-26,3717.2,3707.0,3774.55,3659.05,3770.0,3761.85,3717.88,341735,1270529986.1,27561,227781,66.65,1.2011729258581738,Positive
HEROMOTOCO,EQ,2018-04-27,3761.85,3768.1,3776.95,3704.5,3710.1,3713.5,3747.05,571451,2141255969.2,36228,411486,72.01,-1.285271874210825,Negative
HEROMOTOCO,EQ,2018-04-30,3713.5,3731.0,3750.0,3717.05,3732.0,3732.25,3732.78,216291,807366547.5,13742,168097,77.72,0.5049145011444711,Slight positive
HEROMOTOCO,EQ,2018-05-02,3732.25,3751.0,3774.0,3640.0,3648.0,3664.1,3715.76,715845,2659904807.3,63938,280413,39.17,-1.8259762877620767,Negative
HEROMOTOCO,EQ,2018-05-03,3664.1,3665.0,3682.95,3637.4,3649.0,3655.6,3663.78,393371,1441226119.3,45121,239420,60.86,-0.23198056821592816,Slight or No change
HEROMOTOCO,EQ,2018-05-04,3655.6,3655.0,3669.85,3643.4,3655.65,3659.75,3658.55,279580,1022857121.7,37007,212964,76.17,0.11352445562973212,Slight or No change
HEROMOTOCO,EQ,2018-05-07,3659.75,3662.95,3679.0,3622.75,3645.0,3648.05,3657.42,198507,726023700.65,13411,127835,64.4,-0.31969396816722284,Slight or No change
HEROMOTOCO,EQ,2018-05-08,3648.05,3659.9,3674.0,3640.15,3660.65,3657.3,3657.58,360338,1317966748.8,23149,309305,85.84,0.2535601211606231,Slight or No change
HEROMOTOCO,EQ,2018-05-09,3657.3,3660.0,3685.0,3635.0,3658.0,3654.4,3659.37,259686,950287383.9,25122,169725,65.36,-0.07929346785880975,Slight or No change
HEROMOTOCO,EQ,2018-05-10,3654.4,3663.0,3665.35,3625.05,3650.0,3646.0,3646.03,352223,1284213945.3,72589,276639,78.54,-0.22985989492119163,Slight or No change
HEROMOTOCO,EQ,2018-05-11,3646.0,3655.0,3655.0,3591.0,3616.0,3618.3,3610.98,246696,890814378.45,15364,160376,65.01,-0.7597366977509568,Slight negative
HEROMOTOCO,EQ,2018-05-14,3618.3,3625.0,3655.05,3624.2,3654.0,3648.3,3645.03,223997,816475195.25,11632,148515,66.3,0.8291186468783573,Slight positive
HEROMOTOCO,EQ,2018-05-15,3648.3,3650.0,3659.35,3631.05,3650.0,3649.6,3650.43,341729,1247457960.85,18151,263250,77.03,0.0356330345640421,Slight or No change
HEROMOTOCO,EQ,2018-05-16,3649.6,3639.0,3639.0,3501.6,3580.0,3575.5,3561.04,395161,1407186098.75,34706,214482,54.28,-2.030359491451117,Negative
HEROMOTOCO,EQ,2018-05-17,3575.5,3600.0,3604.95,3535.0,3559.0,3554.55,3556.13,350935,1247971272.85,26252,236085,67.27,-0.5859320374772659,Slight negative
HEROMOTOCO,EQ,2018-05-18,3554.55,3550.0,3575.0,3535.35,3568.75,3561.05,3558.75,424207,1509647034.0,39567,344359,81.18,0.18286421628617155,Slight or No change
HEROMOTOCO,EQ,2018-05-21,3561.05,3578.6,3578.6,3461.75,3469.95,3492.9,3500.57,258835,906070940.0,30585,160193,61.89,-1.9137613906010875,Negative
HEROMOTOCO,EQ,2018-05-22,3492.9,3467.1,3516.95,3450.0,3505.0,3499.9,3497.23,323714,1132102611.2,31615,230827,71.31,0.200406538979081,Slight or No change
HEROMOTOCO,EQ,2018-05-23,3499.9,3494.5,3494.8,3452.0,3483.45,3482.95,3478.4,155958,542484170.8,27025,111114,71.25,-0.48429955141576775,Slight or No change
HEROMOTOCO,EQ,2018-05-24,3482.95,3495.0,3509.9,3445.95,3500.05,3489.9,3471.85,324856,1127850645.45,19604,226110,69.6,0.19954349043196373,Slight or No change
HEROMOTOCO,EQ,2018-05-25,3489.9,3480.0,3575.0,3461.85,3537.35,3552.85,3533.95,177764,628208768.85,18918,90226,50.76,1.8037766125103882,Positive
HEROMOTOCO,EQ,2018-05-28,3552.85,3570.0,3610.0,3537.35,3608.15,3599.8,3586.81,191457,686719234.3,20708,92818,48.48,1.3214743093572734,Positive
HEROMOTOCO,EQ,2018-05-29,3599.8,3608.15,3624.0,3565.2,3615.85,3610.4,3599.64,309517,1114148735.25,20652,134759,43.54,0.29446080337796054,Slight or No change
HEROMOTOCO,EQ,2018-05-30,3610.4,3594.9,3622.45,3528.4,3589.0,3601.45,3590.26,237040,851034962.65,28428,114430,48.27,-0.24789497008642636,Slight or No change
HEROMOTOCO,EQ,2018-05-31,3601.45,3610.0,3614.15,3530.1,3550.0,3544.9,3551.91,707484,2512920320.0,59331,432185,61.09,-1.5702008913076604,Negative
HEROMOTOCO,EQ,2018-06-01,3544.9,3563.5,3637.0,3554.2,3622.0,3626.3,3607.86,300310,1083475101.0,20048,128408,42.76,2.296256593980095,Positive
HEROMOTOCO,EQ,2018-06-04,3626.3,3669.85,3669.85,3592.85,3605.0,3613.6,3623.81,230153,834030627.45,24450,112646,48.94,-0.35021923172380287,Slight or No change
HEROMOTOCO,EQ,2018-06-05,3613.6,3600.1,3619.0,3565.3,3614.0,3610.4,3596.53,225466,810895582.8,30535,130365,57.82,-0.0885543502324504,Slight or No change
HEROMOTOCO,EQ,2018-06-06,3610.4,3624.95,3640.0,3598.0,3639.0,3635.2,3628.02,211568,767573443.75,17957,114999,54.36,0.6869044981165473,Slight positive
HEROMOTOCO,EQ,2018-06-07,3635.2,3652.0,3667.45,3628.3,3663.0,3651.5,3649.62,222475,811948468.5,25818,130574,58.69,0.4483934859154992,Slight or No change
HEROMOTOCO,EQ,2018-06-08,3651.5,3657.0,3660.0,3608.4,3630.05,3635.15,3629.91,175173,635862285.1,21162,85736,48.94,-0.4477611940298498,Slight or No change
HEROMOTOCO,EQ,2018-06-11,3635.15,3637.9,3645.9,3600.0,3608.75,3612.3,3622.59,249101,902389628.1,26322,201987,81.09,-0.628584790173714,Slight negative
HEROMOTOCO,EQ,2018-06-12,3612.3,3624.8,3712.2,3601.3,3693.0,3687.85,3658.38,257348,941477138.95,26563,131195,50.98,2.0914652714337123,Positive
HEROMOTOCO,EQ,2018-06-13,3687.85,3704.7,3708.9,3679.0,3694.8,3696.8,3695.56,209724,775047142.9,16798,128045,61.05,0.24268882953482063,Slight or No change
HEROMOTOCO,EQ,2018-06-14,3696.8,3690.05,3706.15,3667.1,3690.25,3695.6,3690.2,155159,572568207.55,13807,100793,64.96,-0.0324605063839023,Slight or No change
HEROMOTOCO,EQ,2018-06-15,3695.6,3696.0,3710.35,3652.0,3678.0,3693.7,3686.1,306688,1130482570.75,37527,225309,73.47,-0.05141249052927899,Slight or No change
HEROMOTOCO,EQ,2018-06-18,3693.7,3695.0,3702.5,3651.0,3669.4,3666.15,3671.13,361312,1326423387.4,17487,267868,74.14,-0.7458645802311925,Slight negative
HEROMOTOCO,EQ,2018-06-19,3666.15,3658.0,3660.0,3620.0,3653.0,3652.75,3644.83,242770,884855184.4,23162,166839,68.72,-0.365506048579578,Slight or No change
HEROMOTOCO,EQ,2018-06-20,3652.75,3655.0,3690.0,3641.1,3653.0,3655.8,3654.09,433541,1584196713.2,26400,343067,79.13,0.08349873383068918,Slight or No change
HEROMOTOCO,EQ,2018-06-21,3655.8,3648.0,3675.9,3624.0,3634.95,3635.2,3649.23,280729,1024445392.9,24552,191408,68.18,-0.5634881558072236,Slight negative
HEROMOTOCO,EQ,2018-06-22,3635.2,3634.0,3644.2,3601.7,3635.0,3637.65,3624.64,193715,702146571.0,25531,77828,40.18,0.06739656690142315,Slight or No change
HEROMOTOCO,EQ,2018-06-25,3637.65,3634.0,3649.95,3575.55,3581.25,3586.85,3590.64,351955,1263743467.1,36004,156236,44.39,-1.396505986007457,Negative
HEROMOTOCO,EQ,2018-06-26,3586.85,3570.0,3578.0,3536.0,3570.0,3566.85,3560.09,252375,898478429.45,29051,155617,61.66,-0.5575923163778751,Slight negative
HEROMOTOCO,EQ,2018-06-27,3566.85,3570.0,3584.55,3530.0,3531.0,3538.0,3546.11,320678,1137158022.35,40282,220948,68.9,-0.808836928942902,Slight negative
HEROMOTOCO,EQ,2018-06-28,3538.0,3538.0,3550.95,3476.0,3507.05,3516.05,3513.03,532529,1870790038.7,47652,388640,72.98,-0.6204070096099468,Slight negative
HEROMOTOCO,EQ,2018-06-29,3516.05,3520.5,3534.95,3456.35,3467.7,3473.5,3490.7,398443,1390845031.35,43848,271501,68.14,-1.2101648156311873,Negative
HEROMOTOCO,EQ,2018-07-02,3473.5,3480.0,3527.65,3402.3,3406.0,3415.4,3445.25,236235,813888037.25,24734,114616,48.52,-1.672664459478912,Negative
HEROMOTOCO,EQ,2018-07-03,3415.4,3455.0,3484.95,3432.55,3447.7,3447.65,3462.46,289618,1002790060.25,33406,85890,29.66,0.9442525033670934,Slight positive
HEROMOTOCO,EQ,2018-07-04,3447.65,3460.0,3479.05,3415.45,3470.4,3458.8,3452.59,266759,921008213.65,28431,143889,53.94,0.3234086986788176,Slight or No change
HEROMOTOCO,EQ,2018-07-05,3458.8,3480.9,3517.9,3458.85,3508.75,3505.75,3492.91,273797,956347667.4,25463,147750,53.96,1.3574071932461962,Positive
HEROMOTOCO,EQ,2018-07-06,3505.75,3509.3,3670.0,3486.0,3647.8,3637.1,3615.44,1032128,3731598907.35,58363,380987,36.91,3.7467018469657054,Among top gainers
HEROMOTOCO,EQ,2018-07-09,3637.1,3659.95,3662.9,3597.15,3616.95,3611.5,3632.17,314206,1141248519.45,35785,137844,43.87,-0.7038574688625565,Slight negative
HEROMOTOCO,EQ,2018-07-10,3611.5,3644.8,3644.8,3574.8,3586.85,3583.5,3597.76,470962,1694410151.25,49229,254150,53.96,-0.775301121417693,Slight negative
HEROMOTOCO,EQ,2018-07-11,3583.5,3554.85,3564.5,3524.0,3549.8,3536.6,3541.78,377121,1335681114.25,48877,183533,48.67,-1.308776335984374,Negative
HEROMOTOCO,EQ,2018-07-12,3536.6,3569.0,3570.0,3484.0,3501.0,3498.85,3517.55,456469,1605652592.45,56813,275006,60.25,-1.0674093762370607,Negative
HEROMOTOCO,EQ,2018-07-13,3498.85,3520.0,3523.7,3444.0,3452.0,3455.9,3468.7,310931,1078527908.55,39106,200844,64.59,-1.2275461937493737,Negative
HEROMOTOCO,EQ,2018-07-16,3455.9,3465.0,3466.0,3416.35,3417.35,3426.0,3430.28,183060,627947832.9,16584,101552,55.47,-0.865187071385165,Slight negative
HEROMOTOCO,EQ,2018-07-17,3426.0,3415.0,3514.6,3398.55,3501.3,3488.6,3465.25,318577,1103948890.2,32729,150501,47.24,1.8272037361354299,Positive
HEROMOTOCO,EQ,2018-07-18,3488.6,3500.0,3515.0,3473.2,3500.0,3506.15,3494.95,211820,740300676.6,18995,113888,53.77,0.5030671329473213,Slight positive
HEROMOTOCO,EQ,2018-07-19,3506.15,3506.05,3508.0,3440.0,3450.1,3451.1,3479.63,147907,514661701.8,23273,62517,42.27,-1.570098255921748,Negative
HEROMOTOCO,EQ,2018-07-20,3451.1,3452.0,3489.0,3322.0,3382.0,3376.95,3401.75,560441,1906477807.65,41675,275393,49.14,-2.1485903045405874,Negative
HEROMOTOCO,EQ,2018-07-23,3376.95,3383.0,3386.8,3087.0,3154.85,3165.45,3174.71,1902639,6040324664.65,119326,897691,47.18,-6.263048016701466,Among top losers
HEROMOTOCO,EQ,2018-07-24,3165.45,3173.8,3205.45,3033.75,3108.0,3108.25,3137.41,1620867,5085316472.3,90913,712474,43.96,-1.8070100617605611,Negative
HEROMOTOCO,EQ,2018-07-25,3108.25,3147.05,3164.8,3061.65,3121.95,3110.05,3129.89,964916,3020081964.05,60185,378928,39.27,0.057910399742633345,Slight or No change
HEROMOTOCO,EQ,2018-07-26,3110.05,3082.0,3189.95,3068.05,3145.05,3136.75,3121.37,1770364,5525961961.8,104039,531890,30.04,0.8585070979566289,Slight positive
HEROMOTOCO,EQ,2018-07-27,3136.75,3150.0,3238.4,3132.05,3203.0,3203.95,3197.77,820125,2622574580.7,69185,353404,43.09,2.1423447836136145,Positive
HEROMOTOCO,EQ,2018-07-30,3203.95,3223.0,3228.0,3175.0,3211.0,3209.95,3203.83,317977,1018744482.95,33311,149113,46.89,0.18726884002560062,Slight or No change
HEROMOTOCO,EQ,2018-07-31,3209.95,3215.0,3302.0,3191.05,3292.8,3294.45,3268.14,753969,2464073468.25,45852,423538,56.17,2.632439757628613,Positive
HEROMOTOCO,EQ,2018-08-01,3294.45,3296.0,3333.35,3257.15,3280.0,3280.4,3296.81,463790,1529026140.55,31290,150655,32.48,-0.42647482887886445,Slight or No change
HEROMOTOCO,EQ,2018-08-02,3280.4,3296.0,3296.0,3218.25,3262.05,3263.7,3255.52,352679,1148153614.45,32537,133682,37.9,-0.5090842580173227,Slight negative
HEROMOTOCO,EQ,2018-08-03,3263.7,3270.0,3282.45,3229.0,3245.0,3250.55,3257.78,311563,1015004912.4,32561,112467,36.1,-0.4029169347672723,Slight or No change
HEROMOTOCO,EQ,2018-08-06,3250.55,3279.0,3309.0,3251.05,3304.0,3297.1,3285.56,338084,1110795742.6,36723,190588,56.37,1.4320653427881247,Positive
HEROMOTOCO,EQ,2018-08-07,3297.1,3304.0,3329.95,3268.05,3306.0,3297.75,3293.95,248243,817700116.2,20857,119685,48.21,0.019714294379902242,Slight or No change
HEROMOTOCO,EQ,2018-08-08,3297.75,3298.0,3322.4,3287.05,3295.0,3299.05,3302.97,234708,775232958.35,32950,154733,65.93,0.03942081722387858,Slight or No change
HEROMOTOCO,EQ,2018-08-09,3299.05,3306.0,3343.65,3262.0,3270.0,3281.35,3307.4,440547,1457064264.5,30983,229957,52.2,-0.5365180885406495,Slight negative
HEROMOTOCO,EQ,2018-08-10,3281.35,3299.9,3340.0,3262.35,3304.0,3319.4,3312.92,356538,1181183149.25,25288,163270,45.79,1.1595837079251048,Positive
HEROMOTOCO,EQ,2018-08-13,3319.4,3300.0,3347.0,3277.15,3310.0,3308.2,3321.8,293422,974688314.7,21263,136937,46.67,-0.3374103753690516,Slight or No change
HEROMOTOCO,EQ,2018-08-14,3308.2,3317.0,3333.0,3253.6,3266.4,3266.35,3290.68,249075,819625325.25,20998,112343,45.1,-1.2650383894564965,Negative
HEROMOTOCO,EQ,2018-08-16,3266.35,3262.0,3304.45,3235.1,3295.0,3282.65,3278.01,274268,899054148.05,20074,128102,46.71,0.4990279669968123,Slight or No change
HEROMOTOCO,EQ,2018-08-17,3282.65,3315.0,3319.7,3235.55,3250.0,3242.3,3278.97,284947,934331257.75,29287,148987,52.29,-1.2291898313862237,Negative
HEROMOTOCO,EQ,2018-08-20,3242.3,3266.6,3324.0,3250.35,3309.0,3304.0,3299.13,301515,994737327.65,32202,150056,49.77,1.902970113808089,Positive
HEROMOTOCO,EQ,2018-08-21,3304.0,3310.0,3349.9,3297.05,3314.6,3316.75,3322.08,317643,1055235267.7,33716,157890,49.71,0.38589588377724304,Slight or No change
HEROMOTOCO,EQ,2018-08-23,3316.75,3331.0,3334.95,3265.0,3285.0,3284.75,3286.66,182542,599953425.1,23656,96162,52.68,-0.9647998794000134,Slight negative
HEROMOTOCO,EQ,2018-08-24,3284.75,3277.4,3287.95,3202.1,3220.0,3212.3,3234.29,320734,1037346967.95,35704,167717,52.29,-2.205647309536485,Negative
HEROMOTOCO,EQ,2018-08-27,3212.3,3230.0,3240.0,3210.1,3223.7,3223.75,3223.75,250565,807758326.45,21704,149472,59.65,0.35644242443109153,Slight or No change
HEROMOTOCO,EQ,2018-08-28,3223.75,3228.0,3244.8,3188.7,3229.9,3232.75,3216.81,363420,1169052799.1,52052,181488,49.94,0.27917797595966576,Slight or No change
HEROMOTOCO,EQ,2018-08-29,3232.75,3216.0,3274.85,3201.0,3244.2,3246.1,3241.06,294701,955144631.8,23126,106061,35.99,0.41296110122959195,Slight or No change
HEROMOTOCO,EQ,2018-08-30,3246.1,3227.0,3255.0,3210.05,3217.0,3223.7,3228.5,381370,1231253733.8,38451,202899,53.2,-0.690058839838581,Slight negative
HEROMOTOCO,EQ,2018-08-31,3223.7,3208.0,3260.0,3201.05,3259.3,3253.8,3244.8,401621,1303177936.05,37708,260971,64.98,0.9337097124422433,Slight positive
HEROMOTOCO,EQ,2018-09-03,3253.8,3280.0,3295.75,3235.0,3236.65,3242.45,3261.1,292015,952291219.3,21825,182650,62.55,-0.3488229147458499,Slight or No change
HEROMOTOCO,EQ,2018-09-04,3242.45,3257.7,3259.0,3180.0,3182.0,3184.15,3204.63,178340,571513162.4,19510,79728,44.71,-1.7980230998164926,Negative
HEROMOTOCO,EQ,2018-09-05,3184.15,3179.0,3203.95,3134.45,3143.8,3145.4,3169.55,355010,1125220961.65,21287,213683,60.19,-1.2169652811582332,Negative
HEROMOTOCO,EQ,2018-09-06,3145.4,3151.35,3180.0,3116.6,3152.0,3164.85,3153.57,303246,956307749.95,26942,144177,47.54,0.6183633242194952,Slight positive
HEROMOTOCO,EQ,2018-09-07,3164.85,3180.0,3345.0,3161.85,3339.0,3329.35,3264.04,666688,2176093751.45,47571,351056,52.66,5.197718691249187,Among top gainers
HEROMOTOCO,EQ,2018-09-10,3329.35,3333.0,3334.85,3258.2,3287.0,3278.3,3280.79,302172,991361501.7,28917,118742,39.3,-1.5333323321368941,Negative
HEROMOTOCO,EQ,2018-09-11,3278.3,3294.0,3294.0,3170.0,3179.75,3184.2,3209.93,479594,1539463866.05,55646,202832,42.29,-2.870390141231749,Negative
HEROMOTOCO,EQ,2018-09-12,3184.2,3199.0,3202.4,3107.75,3165.25,3163.75,3154.57,424166,1338060463.7,35704,206332,48.64,-0.6422335280447111,Slight negative
HEROMOTOCO,EQ,2018-09-14,3163.75,3187.0,3200.6,3151.15,3190.75,3186.65,3178.84,329042,1045971521.85,43615,172126,52.31,0.7238245752666961,Slight positive
HEROMOTOCO,EQ,2018-09-17,3186.65,3180.0,3180.0,3110.25,3126.0,3127.9,3142.14,260149,817423623.65,23744,118744,45.64,-1.8436288892724306,Negative
HEROMOTOCO,EQ,2018-09-18,3127.9,3140.0,3153.2,3104.5,3107.75,3111.45,3128.49,337805,1056818051.7,40520,192558,57.0,-0.5259119537069701,Slight negative
HEROMOTOCO,EQ,2018-09-19,3111.45,3130.0,3180.0,3102.05,3138.0,3153.95,3157.85,299509,945805359.6,22839,125116,41.77,1.3659226405695168,Positive
HEROMOTOCO,EQ,2018-09-21,3153.95,3169.85,3188.75,3020.0,3182.0,3175.2,3155.37,579823,1829553682.55,44791,371814,64.13,0.6737583030802741,Slight positive
HEROMOTOCO,EQ,2018-09-24,3175.2,3175.3,3183.0,3080.05,3120.0,3110.2,3118.02,615568,1919353128.85,25275,453747,73.71,-2.0471151423532397,Negative
HEROMOTOCO,EQ,2018-09-25,3110.2,3121.95,3125.0,3082.0,3112.6,3112.6,3101.63,463611,1437951343.4,46999,272009,58.67,0.07716545559770527,Slight or No change
HEROMOTOCO,EQ,2018-09-26,3112.6,3140.0,3140.0,3086.7,3095.85,3100.05,3100.74,357504,1108528086.0,34282,215624,60.31,-0.4031998971920525,Slight or No change
HEROMOTOCO,EQ,2018-09-27,3100.05,3114.0,3130.9,3075.0,3088.35,3088.1,3093.07,932370,2883883719.4,39854,652426,69.98,-0.3854776535862414,Slight or No change
HEROMOTOCO,EQ,2018-09-28,3088.1,3092.0,3099.9,2877.85,2913.25,2933.25,2954.74,832489,2459788185.55,85166,408568,49.08,-5.014410155111559,Among top losers
HEROMOTOCO,EQ,2018-10-01,2933.25,2910.0,2985.7,2850.0,2965.5,2973.0,2903.2,663628,1926642821.7,50106,391459,58.99,1.3551521350038342,Positive
HEROMOTOCO,EQ,2018-10-03,2973.0,2989.0,2995.0,2900.0,2907.0,2913.5,2952.46,503936,1487848953.8,68820,217993,43.26,-2.001345442314162,Negative
HEROMOTOCO,EQ,2018-10-04,2913.5,2881.1,2887.0,2713.15,2753.0,2763.5,2776.43,1172793,3256181792.2,130263,534651,45.59,-5.148446885189639,Among top losers
HEROMOTOCO,EQ,2018-10-05,2763.5,2758.0,2779.95,2692.0,2748.9,2740.75,2728.11,811688,2214376362.65,70059,364381,44.89,-0.823231409444547,Slight negative
HEROMOTOCO,EQ,2018-10-08,2740.75,2725.0,2885.0,2710.05,2873.1,2873.05,2820.3,762339,2150025301.5,65590,314468,41.25,4.8271458542369805,Among top gainers
HEROMOTOCO,EQ,2018-10-09,2873.05,2896.6,2931.9,2870.15,2886.55,2891.75,2897.0,699147,2025425663.4,60980,383324,54.83,0.6508762464976225,Slight positive
HEROMOTOCO,EQ,2018-10-10,2891.75,2918.0,2993.65,2907.9,2919.95,2920.1,2950.6,1165353,3438495672.05,58215,881948,75.68,0.980375205325501,Slight positive
HEROMOTOCO,EQ,2018-10-11,2920.1,2877.0,2934.9,2846.4,2879.95,2871.0,2881.48,635575,1831393999.1,82449,391245,61.56,-1.681449265436108,Negative
HEROMOTOCO,EQ,2018-10-12,2871.0,2892.5,2939.8,2875.0,2886.65,2893.95,2897.89,384692,1114795703.15,48451,199213,51.79,0.7993730407523492,Slight positive
HEROMOTOCO,EQ,2018-10-15,2893.95,2902.0,2914.5,2867.0,2881.3,2881.25,2880.97,209679,604078152.3,19500,75974,36.23,-0.4388465592010893,Slight or No change
HEROMOTOCO,EQ,2018-10-16,2881.25,2871.0,2911.3,2871.0,2894.0,2895.2,2892.78,609045,1761832055.35,32965,300064,49.27,0.48416485900215633,Slight or No change
HEROMOTOCO,EQ,2018-10-17,2895.2,2915.0,2995.0,2766.25,2803.55,2807.55,2882.51,1625059,4684245620.75,94535,459781,28.29,-3.027424702956605,Among top losers
HEROMOTOCO,EQ,2018-10-19,2807.55,2802.9,2803.95,2675.1,2718.15,2712.75,2720.67,782281,2128328665.8,50597,388359,49.64,-3.3766094993855966,Among top losers
HEROMOTOCO,EQ,2018-10-22,2712.75,2750.0,2766.0,2691.45,2740.0,2731.8,2732.43,312603,854165533.85,27216,117277,37.52,0.7022394249377895,Slight positive
HEROMOTOCO,EQ,2018-10-23,2731.8,2717.0,2744.9,2694.0,2738.2,2724.25,2717.63,463980,1260926162.4,43791,316521,68.22,-0.2763745515777183,Slight or No change
HEROMOTOCO,EQ,2018-10-24,2724.25,2767.1,2767.1,2660.15,2696.7,2701.65,2700.47,516142,1393824649.05,39502,247583,47.97,-0.8295861246214509,Slight negative
HEROMOTOCO,EQ,2018-10-25,2701.65,2688.7,2715.0,2648.0,2698.35,2695.1,2682.78,700158,1878369108.35,61809,449775,64.24,-0.2424444321063146,Slight or No change
HEROMOTOCO,EQ,2018-10-26,2695.1,2704.0,2757.0,2672.0,2710.0,2705.35,2712.97,657518,1783829113.65,35021,457728,69.61,0.3803198397090979,Slight or No change
HEROMOTOCO,EQ,2018-10-29,2705.35,2738.0,2769.0,2708.0,2745.0,2749.85,2741.29,453890,1244243492.0,34438,293416,64.64,1.644888831389646,Positive
HEROMOTOCO,EQ,2018-10-30,2749.85,2759.0,2809.95,2735.0,2774.75,2773.9,2770.62,403508,1117966029.5,38944,202795,50.26,0.8745931596269019,Slight positive
HEROMOTOCO,EQ,2018-10-31,2773.9,2784.5,2820.0,2712.85,2753.0,2762.35,2771.1,762180,2112079679.25,70489,427828,56.13,-0.4163812682504875,Slight or No change
HEROMOTOCO,EQ,2018-11-01,2762.35,2778.0,2805.0,2749.0,2793.2,2792.25,2776.59,172451,478825681.55,20122,47825,27.73,1.082411714663234,Positive
HEROMOTOCO,EQ,2018-11-02,2792.25,2849.95,2939.85,2838.55,2897.0,2896.6,2909.25,548045,1594401410.6,38884,152879,27.9,3.737129555018348,Among top gainers
HEROMOTOCO,EQ,2018-11-05,2896.6,2899.0,2900.7,2815.0,2845.4,2847.8,2845.46,248031,705762623.6,30840,91246,36.79,-1.6847338258647926,Negative
HEROMOTOCO,EQ,2018-11-06,2847.8,2864.0,2963.95,2827.8,2855.0,2856.05,2854.35,248605,709604852.4,21003,90277,36.31,0.28969731020436207,Slight or No change
HEROMOTOCO,EQ,2018-11-07,2856.05,2897.0,2897.0,2850.0,2891.15,2888.55,2885.75,37641,108622385.5,3039,12297,32.67,1.137935260237044,Positive
HEROMOTOCO,EQ,2018-11-09,2888.55,2898.0,2965.5,2878.3,2959.9,2956.7,2942.37,275743,811338545.85,27295,75802,27.49,2.35931522736319,Positive
HEROMOTOCO,EQ,2018-11-12,2956.7,2958.85,2976.5,2820.1,2834.0,2839.35,2886.73,280472,809648151.2,33144,108242,38.59,-3.968951872019477,Among top losers
HEROMOTOCO,EQ,2018-11-13,2839.35,2828.0,2898.45,2808.0,2872.3,2879.7,2847.97,269648,767949604.5,18747,36518,13.54,1.4210998996249113,Positive
HEROMOTOCO,EQ,2018-11-14,2879.7,2898.9,2927.4,2823.0,2851.85,2847.55,2879.5,263733,759419655.85,17801,80491,30.52,-1.1164357398339986,Negative
HEROMOTOCO,EQ,2018-11-15,2847.55,2872.0,2934.9,2856.2,2919.7,2922.15,2912.96,341266,994093170.6,35366,116041,34.0,2.6197959649523206,Positive
HEROMOTOCO,EQ,2018-11-16,2922.15,2930.0,2970.0,2925.25,2954.0,2961.9,2948.75,383335,1130357491.35,24338,213125,55.6,1.3602997792721006,Positive
HEROMOTOCO,EQ,2018-11-19,2961.9,2973.3,2998.9,2963.1,2988.0,2980.65,2979.32,291764,869257413.45,22870,142403,48.81,0.6330396029575525,Slight positive
HEROMOTOCO,EQ,2018-11-20,2980.65,2988.9,2994.95,2941.0,2963.5,2960.1,2965.24,161818,479828727.3,14597,38484,23.78,-0.6894469327160202,Slight negative
HEROMOTOCO,EQ,2018-11-21,2960.1,2952.6,2961.5,2892.2,2900.25,2912.05,2920.77,288328,842140093.55,25178,137343,47.63,-1.6232559710820493,Negative
HEROMOTOCO,EQ,2018-11-22,2912.05,2901.0,2954.7,2872.15,2916.0,2917.75,2917.4,346980,1012277993.15,26882,142553,41.08,0.1957383973489435,Slight or No change
HEROMOTOCO,EQ,2018-11-26,2917.75,2918.0,3104.7,2912.25,3096.1,3076.0,3004.23,645146,1938169611.6,49378,259044,40.15,5.423699768657353,Among top gainers
HEROMOTOCO,EQ,2018-11-27,3076.0,3068.35,3075.0,2950.0,2958.0,2958.15,3001.11,798702,2396993174.65,57100,368701,46.16,-3.8312743823146866,Among top losers
HEROMOTOCO,EQ,2018-11-28,2958.15,2973.0,3015.0,2970.0,3002.05,2999.15,2998.84,650210,1949877552.15,36179,315075,48.46,1.3860013860013787,Positive
HEROMOTOCO,EQ,2018-11-29,2999.15,3025.95,3042.8,2996.65,3032.85,3016.8,3021.44,502846,1519318031.75,37253,275799,54.85,0.5885000750212699,Slight positive
HEROMOTOCO,EQ,2018-11-30,3016.8,3025.0,3061.8,3020.0,3055.0,3055.2,3046.36,418913,1276160551.55,33985,186940,44.63,1.2728719172633074,Positive
HEROMOTOCO,EQ,2018-12-03,3055.2,3050.0,3067.35,2999.05,3029.5,3039.9,3030.27,627118,1900336660.55,37095,317229,50.59,-0.5007855459544297,Slight negative
HEROMOTOCO,EQ,2018-12-04,3039.9,3040.0,3091.25,3035.0,3079.0,3069.15,3064.25,427274,1309272552.25,39797,186831,43.73,0.9622027040363079,Slight positive
HEROMOTOCO,EQ,2018-12-05,3069.15,3059.9,3081.95,3028.4,3043.9,3052.5,3046.81,211238,643602341.75,17629,89797,42.51,-0.5424954792043413,Slight negative
HEROMOTOCO,EQ,2018-12-06,3052.5,3028.2,3053.7,3005.05,3035.0,3026.75,3032.26,713055,2162169718.15,34687,474017,66.48,-0.84357084357084,Slight negative
HEROMOTOCO,EQ,2018-12-07,3026.75,3060.0,3077.0,3025.1,3066.0,3066.8,3048.35,365305,1113576487.5,25841,244754,67.0,1.3232014537044812,Positive
HEROMOTOCO,EQ,2018-12-10,3066.8,3025.0,3060.0,3005.0,3034.0,3046.5,3034.0,682813,2071655221.95,24004,498329,72.98,-0.6619277422720837,Slight negative
HEROMOTOCO,EQ,2018-12-11,3046.5,3010.0,3062.5,2982.0,3049.7,3038.8,3028.88,443657,1343782480.5,41102,216132,48.72,-0.2527490562940993,Slight or No change
HEROMOTOCO,EQ,2018-12-12,3038.8,3055.0,3274.25,3040.6,3248.0,3258.65,3206.13,2188953,7018073273.35,103945,1024624,46.81,7.234763722522053,Bull run
HEROMOTOCO,EQ,2018-12-13,3258.65,3230.0,3340.0,3210.05,3329.85,3318.25,3285.75,1278210,4199874863.75,83298,483681,37.84,1.8289782578675196,Positive
HEROMOTOCO,EQ,2018-12-14,3318.25,3302.0,3350.8,3266.65,3315.0,3314.65,3308.3,920809,3046314402.1,88985,420177,45.63,-0.10849092141942407,Slight or No change
HEROMOTOCO,EQ,2018-12-17,3314.65,3316.0,3320.0,3265.3,3292.0,3286.1,3286.44,707590,2325451699.45,33581,408123,57.68,-0.8613277419938781,Slight negative
HEROMOTOCO,EQ,2018-12-18,3286.1,3275.05,3324.65,3240.0,3297.05,3298.05,3289.28,910514,2994935229.85,48863,543723,59.72,0.36365296247833356,Slight or No change
HEROMOTOCO,EQ,2018-12-19,3298.05,3305.0,3330.1,3280.0,3302.2,3305.2,3307.82,947007,3132526357.45,40050,660511,69.75,0.21679477266869362,Slight or No change
HEROMOTOCO,EQ,2018-12-20,3305.2,3295.95,3380.0,3268.45,3372.3,3361.35,3322.89,388448,1290770181.4,26060,113731,29.28,1.698838194360408,Positive
HEROMOTOCO,EQ,2018-12-21,3361.35,3361.35,3369.0,3311.5,3335.25,3324.15,3332.67,525895,1752633056.45,42293,223791,42.55,-1.1066982016154192,Negative
HEROMOTOCO,EQ,2018-12-24,3324.15,3300.0,3301.0,3150.0,3166.0,3168.4,3197.52,655657,2096478723.9,46973,98805,15.07,-4.685408299866134,Among top losers
HEROMOTOCO,EQ,2018-12-26,3168.4,3160.0,3212.0,3136.05,3184.15,3175.2,3178.16,506895,1610995034.2,32767,118403,23.36,0.2146193662416307,Slight or No change
HEROMOTOCO,EQ,2018-12-27,3175.2,3208.7,3210.0,3114.65,3129.0,3128.8,3159.15,357087,1128092301.9,22176,76121,21.32,-1.4613252708490676,Negative
HEROMOTOCO,EQ,2018-12-28,3128.8,3138.05,3160.0,3110.75,3123.45,3122.6,3131.77,260717,816506078.35,17581,58520,22.45,-0.19815903860905815,Slight or No change
HEROMOTOCO,EQ,2018-12-31,3122.6,3143.0,3159.05,3087.0,3090.0,3104.25,3123.49,279055,871626888.6,21625,54652,19.58,-0.5876513162108465,Slight negative
HEROMOTOCO,EQ,2019-01-01,3104.25,3089.0,3135.0,3073.3,3124.0,3127.6,3109.63,344239,1070456381.9,20359,28808,8.37,0.7521945719577872,Slight positive
HEROMOTOCO,EQ,2019-01-02,3127.6,3115.0,3117.3,3023.8,3025.0,3046.55,3063.61,597712,1831158925.25,49376,115842,19.38,-2.591443918659664,Negative
HEROMOTOCO,EQ,2019-01-03,3046.55,3032.0,3078.0,3006.3,3011.15,3014.65,3032.39,368413,1117171833.95,46424,77388,21.01,-1.0470860481528343,Negative
HEROMOTOCO,EQ,2019-01-04,3014.65,3030.0,3045.0,2972.05,2985.0,2987.85,3009.32,405667,1220780056.2,32929,101891,25.12,-0.8889920886338443,Slight negative
HEROMOTOCO,EQ,2019-01-07,2987.85,3020.0,3023.0,2952.0,2961.0,2957.95,2976.76,361881,1077233402.85,25060,126109,34.85,-1.0007195809696001,Negative
HEROMOTOCO,EQ,2019-01-08,2957.95,2974.0,2994.5,2930.25,2957.2,2970.3,2970.06,354130,1051786759.6,27588,99991,28.24,0.41751888977163976,Slight or No change
HEROMOTOCO,EQ,2019-01-09,2970.3,2985.1,2985.1,2907.0,2925.0,2937.45,2940.59,388001,1140951245.25,26966,146894,37.86,-1.105948894051123,Negative
HEROMOTOCO,EQ,2019-01-10,2937.45,2932.0,2949.95,2912.55,2915.5,2919.5,2928.65,452293,1324609268.55,33717,232048,51.3,-0.6110742310507344,Slight negative
HEROMOTOCO,EQ,2019-01-11,2919.5,2923.0,2940.95,2885.0,2899.3,2899.25,2907.6,258996,753057122.9,19369,112279,43.35,-0.6936119198492907,Slight negative
HEROMOTOCO,EQ,2019-01-14,2899.25,2901.0,2910.3,2856.05,2865.5,2867.0,2871.03,267722,768637159.7,23308,107755,40.25,-1.1123566439596444,Negative
HEROMOTOCO,EQ,2019-01-15,2867.0,2879.7,2918.35,2867.35,2900.0,2910.95,2891.49,371767,1074961688.55,35606,185367,49.86,1.5329612835716766,Positive
HEROMOTOCO,EQ,2019-01-16,2910.95,2909.0,2914.95,2870.3,2877.05,2879.85,2893.69,261721,757339818.8,26982,138240,52.82,-1.0683797385733107,Negative
HEROMOTOCO,EQ,2019-01-17,2879.85,2878.5,2936.9,2864.0,2903.65,2903.6,2903.25,515341,1496161741.9,43756,181442,35.21,0.8246957306804248,Slight positive
HEROMOTOCO,EQ,2019-01-18,2903.6,2916.4,2929.95,2863.0,2894.95,2898.75,2901.2,389524,1130087369.2,37512,161282,41.4,-0.16703402672544332,Slight or No change
HEROMOTOCO,EQ,2019-01-21,2898.75,2901.0,2909.85,2780.0,2783.0,2794.25,2821.28,628463,1773070151.15,52113,254752,40.54,-3.6050021561017664,Among top losers
HEROMOTOCO,EQ,2019-01-22,2794.25,2795.0,2835.0,2742.5,2832.0,2824.9,2784.22,842837,2346647208.75,61631,327266,38.83,1.0968954102174244,Positive
HEROMOTOCO,EQ,2019-01-23,2824.9,2832.0,2851.45,2785.1,2794.35,2795.95,2815.59,326454,919159465.4,23195,81809,25.06,-1.024815037700455,Negative
HEROMOTOCO,EQ,2019-01-24,2795.95,2795.0,2828.0,2780.05,2798.0,2790.2,2798.93,240737,673806479.1,20053,62206,25.84,-0.20565460755735954,Slight or No change
HEROMOTOCO,EQ,2019-01-25,2790.2,2755.0,2788.75,2652.7,2671.0,2670.15,2716.82,775065,2105710323.0,46107,279323,36.04,-4.302558956347202,Among top losers
HEROMOTOCO,EQ,2019-01-28,2670.15,2680.0,2685.0,2586.75,2598.65,2598.6,2625.29,576248,1512820254.3,42060,196339,34.07,-2.6796247401831397,Negative
HEROMOTOCO,EQ,2019-01-29,2598.6,2601.05,2656.85,2574.3,2623.0,2633.3,2622.59,666747,1748602479.3,56723,344620,51.69,1.3353344108366194,Positive
HEROMOTOCO,EQ,2019-01-30,2633.3,2627.0,2650.0,2591.6,2610.0,2611.0,2614.27,696557,1820990150.5,58058,291493,41.85,-0.8468461626096602,Slight negative
HEROMOTOCO,EQ,2019-01-31,2611.0,2612.1,2634.7,2561.0,2624.0,2613.95,2598.94,1901346,4941492498.25,108392,919600,48.37,0.11298353121409477,Slight or No change
HEROMOTOCO,EQ,2019-02-01,2613.95,2629.45,2839.35,2625.0,2811.0,2807.25,2751.7,3296513,9071019525.8,190938,882623,26.77,7.394938694313202,Bull run
HEROMOTOCO,EQ,2019-02-04,2807.25,2800.0,2844.95,2718.2,2801.5,2780.15,2787.5,991486,2763763925.2,56560,144506,14.57,-0.965357556327362,Slight negative
HEROMOTOCO,EQ,2019-02-05,2780.15,2804.0,2873.35,2800.0,2862.0,2854.55,2834.87,767865,2176794010.6,42111,127187,16.56,2.6761145981331946,Positive
HEROMOTOCO,EQ,2019-02-06,2854.55,2870.0,2892.0,2850.0,2875.0,2880.05,2872.26,445829,1280538264.45,30014,89687,20.12,0.8933106794415835,Slight positive
HEROMOTOCO,EQ,2019-02-07,2880.05,2885.0,2949.15,2885.0,2933.0,2939.05,2927.6,546196,1599044183.2,31709,88766,16.25,2.048575545563436,Positive
HEROMOTOCO,EQ,2019-02-08,2939.05,2915.0,2960.0,2912.65,2942.0,2938.85,2939.48,544587,1600801981.95,40322,240925,44.24,-0.00680491995713739,Slight or No change
HEROMOTOCO,EQ,2019-02-11,2938.85,2915.0,2915.95,2804.55,2897.05,2889.05,2880.79,478111,1377338717.05,31630,175716,36.75,-1.6945403814417115,Negative
HEROMOTOCO,EQ,2019-02-12,2889.05,2896.85,2896.85,2785.0,2802.0,2799.55,2835.0,627923,1780163639.05,61508,298007,47.46,-3.097904155345177,Among top losers
HEROMOTOCO,EQ,2019-02-13,2799.55,2800.0,2800.0,2725.0,2760.0,2751.45,2757.22,1667830,4598566888.6,57292,1202023,72.07,-1.7181332714186315,Negative
HEROMOTOCO,EQ,2019-02-14,2751.45,2755.2,2891.65,2725.1,2785.4,2776.2,2807.77,661406,1857078884.25,43845,137791,20.83,0.8995257046284788,Slight positive
HEROMOTOCO,EQ,2019-02-15,2776.2,2785.4,2785.4,2678.0,2687.0,2696.45,2710.47,700634,1899050310.95,49382,274068,39.12,-2.8726316547799113,Negative
HEROMOTOCO,EQ,2019-02-18,2696.45,2690.0,2704.9,2660.45,2684.0,2683.55,2683.54,433854,1164265942.55,28765,191734,44.19,-0.4784067941181802,Slight or No change
HEROMOTOCO,EQ,2019-02-19,2683.55,2687.0,2713.2,2628.9,2636.9,2636.85,2678.53,684524,1833515486.85,33271,300296,43.87,-1.7402321551676092,Negative
HEROMOTOCO,EQ,2019-02-20,2636.85,2646.05,2661.75,2606.6,2629.0,2623.75,2621.58,605830,1588229914.0,41583,247294,40.82,-0.49680489978572995,Slight or No change
HEROMOTOCO,EQ,2019-02-21,2623.75,2632.0,2657.0,2581.5,2653.45,2641.25,2620.5,736959,1931200028.85,52786,236194,32.05,0.6669842782277335,Slight positive
HEROMOTOCO,EQ,2019-02-22,2641.25,2652.9,2697.9,2620.0,2678.45,2679.85,2674.59,720407,1926791323.2,37680,229602,31.87,1.4614292475153778,Positive
HEROMOTOCO,EQ,2019-02-25,2679.85,2690.0,2723.6,2690.0,2715.0,2712.5,2709.75,443819,1202637129.9,34644,147959,33.34,1.2183517734201565,Positive
HEROMOTOCO,EQ,2019-02-26,2712.5,2706.55,2713.0,2614.0,2676.1,2689.05,2672.05,751767,2008758894.75,46236,199133,26.49,-0.8645161290322556,Slight negative
HEROMOTOCO,EQ,2019-02-27,2689.05,2695.0,2743.0,2661.0,2672.7,2678.55,2703.32,581837,1572890409.25,35683,169560,29.14,-0.3904724716907504,Slight or No change
HEROMOTOCO,EQ,2019-02-28,2678.55,2700.1,2707.6,2620.0,2630.0,2628.1,2639.22,870312,2296946253.85,58789,360092,41.38,-1.8834817345205535,Negative
HEROMOTOCO,EQ,2019-03-01,2628.1,2649.9,2690.6,2640.05,2682.0,2675.6,2671.96,918224,2453459024.15,48034,463399,50.47,1.8073893687454712,Positive
HEROMOTOCO,EQ,2019-03-05,2675.6,2669.95,2822.0,2652.05,2794.0,2795.65,2751.7,1107587,3047742716.5,75722,332085,29.98,4.486844072357599,Among top gainers
HEROMOTOCO,EQ,2019-03-06,2795.65,2795.0,2815.0,2742.0,2769.0,2765.85,2766.96,631138,1746332315.05,56984,174330,27.62,-1.0659417309033747,Negative
HEROMOTOCO,EQ,2019-03-07,2765.85,2770.0,2779.0,2721.0,2724.95,2730.1,2743.88,394045,1081212522.85,39967,104297,26.47,-1.2925502106043374,Negative
HEROMOTOCO,EQ,2019-03-08,2730.1,2731.0,2758.45,2699.95,2747.2,2740.35,2720.51,674840,1835906041.05,33701,309538,45.87,0.37544412292589424,Slight or No change
HEROMOTOCO,EQ,2019-03-11,2740.35,2745.0,2828.4,2745.0,2809.5,2814.75,2806.52,857601,2406870741.6,50022,243298,28.37,2.7149816629262746,Positive
HEROMOTOCO,EQ,2019-03-12,2814.75,2840.0,2849.4,2790.1,2802.85,2808.45,2810.08,840207,2361045415.95,54787,317164,37.75,-0.2238209432454119,Slight or No change
HEROMOTOCO,EQ,2019-03-13,2808.45,2814.0,2828.0,2790.6,2810.0,2803.65,2810.97,380361,1069184130.75,40228,123867,32.57,-0.1709127810713973,Slight or No change
HEROMOTOCO,EQ,2019-03-14,2803.65,2813.0,2818.0,2744.1,2753.0,2751.7,2765.76,497697,1376511546.0,36839,130688,26.26,-1.852941700996924,Negative
HEROMOTOCO,EQ,2019-03-15,2751.7,2771.0,2771.0,2717.1,2735.85,2735.85,2737.43,916870,2509867236.1,56174,476636,51.99,-0.5760075589635427,Slight negative
HEROMOTOCO,EQ,2019-03-18,2735.85,2745.0,2763.15,2662.0,2671.0,2669.5,2699.63,830642,2242422734.35,50718,378698,45.59,-2.4252060602737657,Negative
HEROMOTOCO,EQ,2019-03-19,2669.5,2659.0,2659.0,2601.0,2615.0,2614.05,2615.19,978189,2558153842.6,75876,325764,33.3,-2.0771680089904376,Negative
HEROMOTOCO,EQ,2019-03-20,2614.05,2614.05,2645.0,2593.05,2608.0,2609.15,2617.96,877100,2296212736.75,54589,313680,35.76,-0.18744859509191025,Slight or No change
HEROMOTOCO,EQ,2019-03-22,2609.15,2624.45,2637.95,2594.05,2601.0,2603.3,2614.75,566228,1480541879.35,62469,244169,43.12,-0.22421094992621793,Slight or No change
HEROMOTOCO,EQ,2019-03-25,2603.3,2594.0,2608.8,2537.05,2572.0,2575.7,2571.79,854446,2197457215.7,79002,337880,39.54,-1.0601928321745668,Negative
HEROMOTOCO,EQ,2019-03-26,2575.7,2586.0,2604.7,2546.8,2574.5,2574.45,2572.87,555742,1429851330.25,49692,236022,42.47,-0.04853049656403652,Slight or No change
HEROMOTOCO,EQ,2019-03-27,2574.45,2593.8,2594.0,2535.0,2538.35,2543.2,2562.13,760530,1948575153.35,57977,432481,56.87,-1.2138515022626195,Negative
HEROMOTOCO,EQ,2019-03-28,2543.2,2550.0,2558.0,2515.0,2530.0,2525.75,2529.57,1147361,2902331999.5,91193,581596,50.69,-0.6861434413337419,Slight negative
HEROMOTOCO,EQ,2019-03-29,2525.75,2540.0,2577.75,2526.2,2552.1,2553.15,2551.36,1164408,2970824340.8,83625,508096,43.64,1.0848262892210192,Positive
HEROMOTOCO,EQ,2019-04-01,2553.15,2573.0,2593.4,2545.0,2555.0,2558.5,2576.57,832495,2144981785.5,56293,405111,48.66,0.20954507177408654,Slight or No change
HEROMOTOCO,EQ,2019-04-02,2558.5,2550.4,2599.0,2545.0,2577.95,2569.95,2579.95,1063757,2744442226.05,61026,474196,44.58,0.4475278483486278,Slight or No change
HEROMOTOCO,EQ,2019-04-03,2569.95,2586.95,2594.0,2567.0,2580.3,2580.45,2582.36,1427316,3685838651.75,57665,1082919,75.87,0.4085682600828866,Slight or No change
HEROMOTOCO,EQ,2019-04-04,2580.45,2599.95,2648.7,2595.0,2630.0,2637.2,2623.98,2007440,5267489856.85,94022,785627,39.14,2.199228816679266,Positive
HEROMOTOCO,EQ,2019-04-05,2637.2,2652.0,2664.0,2605.1,2622.0,2618.4,2625.89,722753,1897866520.8,44445,264904,36.65,-0.7128772940997896,Slight negative
HEROMOTOCO,EQ,2019-04-08,2618.4,2628.0,2643.95,2581.0,2590.0,2586.85,2604.29,723035,1882989419.8,42623,286088,39.57,-1.2049343110296484,Negative
HEROMOTOCO,EQ,2019-04-09,2586.85,2590.0,2631.95,2568.8,2631.0,2623.65,2598.79,769508,1999788815.85,45187,312354,40.59,1.4225795852098155,Positive
HEROMOTOCO,EQ,2019-04-10,2623.65,2619.0,2619.0,2586.8,2591.95,2594.4,2598.14,672025,1746016020.7,50898,354299,52.72,-1.1148590703790484,Negative
HEROMOTOCO,EQ,2019-04-11,2594.4,2600.0,2612.0,2589.65,2600.0,2601.1,2602.58,608414,1583445309.4,29971,383068,62.96,0.25824853530680425,Slight or No change
HEROMOTOCO,EQ,2019-04-12,2601.1,2597.0,2644.8,2591.15,2635.0,2639.9,2624.78,925046,2428038029.4,44669,487272,52.68,1.491676598362246,Positive
HEROMOTOCO,EQ,2019-04-15,2639.9,2653.0,2710.9,2646.05,2702.95,2700.7,2690.92,958245,2578563772.9,58471,348158,36.33,2.3031175423311456,Positive
HEROMOTOCO,EQ,2019-04-16,2700.7,2723.75,2749.9,2715.0,2740.55,2739.65,2735.41,741047,2027068616.55,36378,383648,51.77,1.4422186840448825,Positive
HEROMOTOCO,EQ,2019-04-18,2739.65,2742.9,2759.9,2732.55,2742.4,2741.55,2746.08,563893,1548496557.1,42184,333054,59.06,0.06935192451591465,Slight or No change
HEROMOTOCO,EQ,2019-04-22,2741.55,2741.55,2749.95,2685.0,2690.0,2689.5,2714.39,453998,1232328010.95,32064,241064,53.1,-1.8985610329922964,Negative
HEROMOTOCO,EQ,2019-04-23,2689.5,2689.0,2727.35,2615.0,2640.0,2638.05,2692.22,395502,1064778643.4,25875,129576,32.76,-1.912994980479632,Negative
HEROMOTOCO,EQ,2019-04-24,2638.05,2650.0,2661.6,2582.15,2615.9,2611.9,2604.23,940782,2450010879.7,60397,503413,53.51,-0.991262485548039,Slight negative
HEROMOTOCO,EQ,2019-04-25,2611.9,2618.0,2638.0,2597.65,2610.85,2612.25,2616.74,690718,1807429592.1,46303,391265,56.65,0.013400206746050358,Slight or No change
HEROMOTOCO,EQ,2019-04-26,2612.25,2610.0,2616.75,2573.7,2593.45,2604.0,2599.62,727578,1891428226.4,35513,291850,40.11,-0.3158196956646542,Slight or No change
HEROMOTOCO,EQ,2019-04-30,2604.0,2573.0,2574.0,2477.0,2505.05,2511.85,2519.33,1634120,4116882220.2,111435,567158,34.71,-3.538786482334877,Among top losers
HEROMOTOCO,EQ,2019-05-02,2511.85,2510.0,2569.4,2492.5,2555.0,2551.7,2544.98,937946,2387050770.45,64587,472538,50.38,1.5864800843999438,Positive
HEROMOTOCO,EQ,2019-05-03,2551.7,2550.0,2587.0,2537.4,2563.2,2565.4,2567.53,674666,1732226113.0,32739,318523,47.21,0.5368969706470272,Slight positive
HEROMOTOCO,EQ,2019-05-06,2565.4,2540.0,2563.0,2525.1,2530.2,2531.3,2541.08,463670,1178224624.4,28592,258224,55.69,-1.3292274109300672,Negative
HEROMOTOCO,EQ,2019-05-07,2531.3,2567.9,2568.0,2521.5,2529.0,2527.35,2546.23,347427,884627610.85,29584,129747,37.35,-0.15604630032000077,Slight or No change
HEROMOTOCO,EQ,2019-05-08,2527.35,2525.8,2540.85,2481.6,2496.0,2499.7,2515.26,406025,1021259080.55,32136,176406,43.45,-1.0940312976042144,Negative
HEROMOTOCO,EQ,2019-05-09,2499.7,2499.0,2555.0,2490.6,2540.0,2537.75,2536.33,585480,1484972151.3,40511,203100,34.69,1.5221826619194356,Positive
HEROMOTOCO,EQ,2019-05-10,2537.75,2535.0,2560.0,2500.05,2506.05,2507.3,2529.09,332771,841608628.15,23272,118956,35.75,-1.1998817850457977,Negative
HEROMOTOCO,EQ,2019-05-13,2507.3,2507.3,2537.5,2500.0,2509.05,2510.75,2520.21,313902,791100264.85,23484,117837,37.54,0.13759821321739363,Slight or No change
